,meter_id,date,month,year,num_rdngs_dd,num_rdngs_mm,num_rdngs_yy,daily_mwh,monthly_mwh,yearly_mwh,num_gap_dd,num_gap_mm,num_gap_yy,season,num_days_mm,monthly_avg_mwh,weekday,num_wkdays_mm,num_wkends_mm,monthly_wkday_avg,monthly_wkend_avg
3098,0xfff895258c21f1a58fc06538173d02b621021ad4,2017-01-01,1,2017,48.0,1440.0,16176.0,5.949999999999998,256.76200000000057,2560.9210000000144,0.0,48.0,1344.0,Winter,31,8.558733333333352,0.0,22.0,9.0,,8.269555555555558
159002,0xfff895258c21f1a58fc06538173d02b621021ad4,2017-01-02,1,2017,48.0,1440.0,16176.0,10.476999999999997,256.76200000000057,2560.9210000000144,0.0,48.0,1344.0,Winter,31,8.558733333333352,1.0,22.0,9.0,8.288000000000002,
314906,0xfff895258c21f1a58fc06538173d02b621021ad4,2017-01-03,1,2017,48.0,1440.0,16176.0,8.559,256.76200000000057,2560.9210000000144,0.0,48.0,1344.0,Winter,31,8.558733333333352,1.0,22.0,9.0,8.288000000000002,
470810,0xfff895258c21f1a58fc06538173d02b621021ad4,2017-01-04,1,2017,48.0,1440.0,16176.0,7.172999999999999,256.76200000000057,2560.9210000000144,0.0,48.0,1344.0,Winter,31,8.558733333333352,1.0,22.0,9.0,8.288000000000002,
626714,0xfff895258c21f1a58fc06538173d02b621021ad4,2017-01-05,1,2017,48.0,1440.0,16176.0,6.897,256.76200000000057,2560.9210000000144,0.0,48.0,1344.0,Winter,31,8.558733333333352,1.0,22.0,9.0,8.288000000000002,
782618,0xfff895258c21f1a58fc06538173d02b621021ad4,2017-01-06,1,2017,48.0,1440.0,16176.0,9.106999999999998,256.76200000000057,2560.9210000000144,0.0,48.0,1344.0,Winter,31,8.558733333333352,1.0,22.0,9.0,8.288000000000002,
938522,0xfff895258c21f1a58fc06538173d02b621021ad4,2017-01-07,1,2017,48.0,1440.0,16176.0,7.9730000000000025,256.76200000000057,2560.9210000000144,0.0,48.0,1344.0,Winter,31,8.558733333333352,0.0,22.0,9.0,,8.269555555555558
1094426,0xfff895258c21f1a58fc06538173d02b621021ad4,2017-01-08,1,2017,48.0,1440.0,16176.0,8.778999999999998,256.76200000000057,2560.9210000000144,0.0,48.0,1344.0,Winter,31,8.558733333333352,0.0,22.0,9.0,,8.269555555555558
1250330,0xfff895258c21f1a58fc06538173d02b621021ad4,2017-01-09,1,2017,48.0,1440.0,16176.0,10.407,256.76200000000057,2560.9210000000144,0.0,48.0,1344.0,Winter,31,8.558733333333352,1.0,22.0,9.0,8.288000000000002,
1406234,0xfff895258c21f1a58fc06538173d02b621021ad4,2017-01-10,1,2017,0.0,1440.0,16176.0,0.0,256.76200000000057,2560.9210000000144,48.0,48.0,1344.0,Winter,31,8.558733333333352,1.0,22.0,9.0,8.288000000000002,
1562138,0xfff895258c21f1a58fc06538173d02b621021ad4,2017-01-11,1,2017,48.0,1440.0,16176.0,9.742,256.76200000000057,2560.9210000000144,0.0,48.0,1344.0,Winter,31,8.558733333333352,1.0,22.0,9.0,8.288000000000002,
1718042,0xfff895258c21f1a58fc06538173d02b621021ad4,2017-01-12,1,2017,48.0,1440.0,16176.0,11.066000000000004,256.76200000000057,2560.9210000000144,0.0,48.0,1344.0,Winter,31,8.558733333333352,1.0,22.0,9.0,8.288000000000002,
1873946,0xfff895258c21f1a58fc06538173d02b621021ad4,2017-01-13,1,2017,48.0,1440.0,16176.0,8.632,256.76200000000057,2560.9210000000144,0.0,48.0,1344.0,Winter,31,8.558733333333352,1.0,22.0,9.0,8.288000000000002,
2029850,0xfff895258c21f1a58fc06538173d02b621021ad4,2017-01-14,1,2017,48.0,1440.0,16176.0,9.490000000000002,256.76200000000057,2560.9210000000144,0.0,48.0,1344.0,Winter,31,8.558733333333352,0.0,22.0,9.0,,8.269555555555558
2185754,0xfff895258c21f1a58fc06538173d02b621021ad4,2017-01-15,1,2017,48.0,1440.0,16176.0,8.999,256.76200000000057,2560.9210000000144,0.0,48.0,1344.0,Winter,31,8.558733333333352,0.0,22.0,9.0,,8.269555555555558
2341658,0xfff895258c21f1a58fc06538173d02b621021ad4,2017-01-16,1,2017,48.0,1440.0,16176.0,7.847000000000001,256.76200000000057,2560.9210000000144,0.0,48.0,1344.0,Winter,31,8.558733333333352,1.0,22.0,9.0,8.288000000000002,
2497562,0xfff895258c21f1a58fc06538173d02b621021ad4,2017-01-17,1,2017,48.0,1440.0,16176.0,9.336999999999998,256.76200000000057,2560.9210000000144,0.0,48.0,1344.0,Winter,31,8.558733333333352,1.0,22.0,9.0,8.288000000000002,
2653466,0xfff895258c21f1a58fc06538173d02b621021ad4,2017-01-18,1,2017,48.0,1440.0,16176.0,8.091000000000001,256.76200000000057,2560.9210000000144,0.0,48.0,1344.0,Winter,31,8.558733333333352,1.0,22.0,9.0,8.288000000000002,
2809370,0xfff895258c21f1a58fc06538173d02b621021ad4,2017-01-19,1,2017,48.0,1440.0,16176.0,8.316,256.76200000000057,2560.9210000000144,0.0,48.0,1344.0,Winter,31,8.558733333333352,1.0,22.0,9.0,8.288000000000002,
2965274,0xfff895258c21f1a58fc06538173d02b621021ad4,2017-01-20,1,2017,48.0,1440.0,16176.0,10.495999999999997,256.76200000000057,2560.9210000000144,0.0,48.0,1344.0,Winter,31,8.558733333333352,1.0,22.0,9.0,8.288000000000002,
3121178,0xfff895258c21f1a58fc06538173d02b621021ad4,2017-01-21,1,2017,48.0,1440.0,16176.0,7.7620000000000005,256.76200000000057,2560.9210000000144,0.0,48.0,1344.0,Winter,31,8.558733333333352,0.0,22.0,9.0,,8.269555555555558
3277082,0xfff895258c21f1a58fc06538173d02b621021ad4,2017-01-22,1,2017,48.0,1440.0,16176.0,6.901000000000001,256.76200000000057,2560.9210000000144,0.0,48.0,1344.0,Winter,31,8.558733333333352,0.0,22.0,9.0,,8.269555555555558
3432986,0xfff895258c21f1a58fc06538173d02b621021ad4,2017-01-23,1,2017,48.0,1440.0,16176.0,7.052000000000002,256.76200000000057,2560.9210000000144,0.0,48.0,1344.0,Winter,31,8.558733333333352,1.0,22.0,9.0,8.288000000000002,
3588890,0xfff895258c21f1a58fc06538173d02b621021ad4,2017-01-24,1,2017,48.0,1440.0,16176.0,8.020000000000001,256.76200000000057,2560.9210000000144,0.0,48.0,1344.0,Winter,31,8.558733333333352,1.0,22.0,9.0,8.288000000000002,
3744794,0xfff895258c21f1a58fc06538173d02b621021ad4,2017-01-25,1,2017,48.0,1440.0,16176.0,8.33,256.76200000000057,2560.9210000000144,0.0,48.0,1344.0,Winter,31,8.558733333333352,1.0,22.0,9.0,8.288000000000002,
3900698,0xfff895258c21f1a58fc06538173d02b621021ad4,2017-01-26,1,2017,48.0,1440.0,16176.0,9.058,256.76200000000057,2560.9210000000144,0.0,48.0,1344.0,Winter,31,8.558733333333352,1.0,22.0,9.0,8.288000000000002,
4056602,0xfff895258c21f1a58fc06538173d02b621021ad4,2017-01-27,1,2017,48.0,1440.0,16176.0,9.016999999999998,256.76200000000057,2560.9210000000144,0.0,48.0,1344.0,Winter,31,8.558733333333352,1.0,22.0,9.0,8.288000000000002,
4212506,0xfff895258c21f1a58fc06538173d02b621021ad4,2017-01-28,1,2017,48.0,1440.0,16176.0,8.226,256.76200000000057,2560.9210000000144,0.0,48.0,1344.0,Winter,31,8.558733333333352,0.0,22.0,9.0,,8.269555555555558
4368410,0xfff895258c21f1a58fc06538173d02b621021ad4,2017-01-29,1,2017,48.0,1440.0,16176.0,10.345999999999997,256.76200000000057,2560.9210000000144,0.0,48.0,1344.0,Winter,31,8.558733333333352,0.0,22.0,9.0,,8.269555555555558
4524314,0xfff895258c21f1a58fc06538173d02b621021ad4,2017-01-30,1,2017,48.0,1440.0,16176.0,7.5790000000000015,256.76200000000057,2560.9210000000144,0.0,48.0,1344.0,Winter,31,8.558733333333352,1.0,22.0,9.0,8.288000000000002,
4680218,0xfff895258c21f1a58fc06538173d02b621021ad4,2017-01-31,1,2017,48.0,1440.0,16176.0,7.133000000000001,256.76200000000057,2560.9210000000144,0.0,48.0,1344.0,Winter,31,8.558733333333352,1.0,22.0,9.0,8.288000000000002,
4836122,0xfff895258c21f1a58fc06538173d02b621021ad4,2017-02-01,2,2017,48.0,1344.0,16176.0,7.451999999999998,215.09899999999982,2560.9210000000144,0.0,0.0,1344.0,Winter,28,7.682107142857137,1.0,20.0,8.0,7.675700000000001,
4992026,0xfff895258c21f1a58fc06538173d02b621021ad4,2017-02-02,2,2017,48.0,1344.0,16176.0,8.398,215.09899999999982,2560.9210000000144,0.0,0.0,1344.0,Winter,28,7.682107142857137,1.0,20.0,8.0,7.675700000000001,
5147930,0xfff895258c21f1a58fc06538173d02b621021ad4,2017-02-03,2,2017,48.0,1344.0,16176.0,7.390000000000001,215.09899999999982,2560.9210000000144,0.0,0.0,1344.0,Winter,28,7.682107142857137,1.0,20.0,8.0,7.675700000000001,
5303834,0xfff895258c21f1a58fc06538173d02b621021ad4,2017-02-04,2,2017,48.0,1344.0,16176.0,6.918000000000002,215.09899999999982,2560.9210000000144,0.0,0.0,1344.0,Winter,28,7.682107142857137,0.0,20.0,8.0,,7.698125
5459738,0xfff895258c21f1a58fc06538173d02b621021ad4,2017-02-05,2,2017,48.0,1344.0,16176.0,8.672999999999998,215.09899999999982,2560.9210000000144,0.0,0.0,1344.0,Winter,28,7.682107142857137,0.0,20.0,8.0,,7.698125
5615642,0xfff895258c21f1a58fc06538173d02b621021ad4,2017-02-06,2,2017,48.0,1344.0,16176.0,8.514,215.09899999999982,2560.9210000000144,0.0,0.0,1344.0,Winter,28,7.682107142857137,1.0,20.0,8.0,7.675700000000001,
5771546,0xfff895258c21f1a58fc06538173d02b621021ad4,2017-02-07,2,2017,48.0,1344.0,16176.0,8.164000000000001,215.09899999999982,2560.9210000000144,0.0,0.0,1344.0,Winter,28,7.682107142857137,1.0,20.0,8.0,7.675700000000001,
5927450,0xfff895258c21f1a58fc06538173d02b621021ad4,2017-02-08,2,2017,48.0,1344.0,16176.0,7.848999999999999,215.09899999999982,2560.9210000000144,0.0,0.0,1344.0,Winter,28,7.682107142857137,1.0,20.0,8.0,7.675700000000001,
6083354,0xfff895258c21f1a58fc06538173d02b621021ad4,2017-02-09,2,2017,48.0,1344.0,16176.0,6.974999999999999,215.09899999999982,2560.9210000000144,0.0,0.0,1344.0,Winter,28,7.682107142857137,1.0,20.0,8.0,7.675700000000001,
6239258,0xfff895258c21f1a58fc06538173d02b621021ad4,2017-02-10,2,2017,48.0,1344.0,16176.0,8.063999999999998,215.09899999999982,2560.9210000000144,0.0,0.0,1344.0,Winter,28,7.682107142857137,1.0,20.0,8.0,7.675700000000001,
6395162,0xfff895258c21f1a58fc06538173d02b621021ad4,2017-02-11,2,2017,48.0,1344.0,16176.0,7.791,215.09899999999982,2560.9210000000144,0.0,0.0,1344.0,Winter,28,7.682107142857137,0.0,20.0,8.0,,7.698125
6551066,0xfff895258c21f1a58fc06538173d02b621021ad4,2017-02-12,2,2017,48.0,1344.0,16176.0,8.014000000000001,215.09899999999982,2560.9210000000144,0.0,0.0,1344.0,Winter,28,7.682107142857137,0.0,20.0,8.0,,7.698125
6706970,0xfff895258c21f1a58fc06538173d02b621021ad4,2017-02-13,2,2017,48.0,1344.0,16176.0,6.929,215.09899999999982,2560.9210000000144,0.0,0.0,1344.0,Winter,28,7.682107142857137,1.0,20.0,8.0,7.675700000000001,
6862874,0xfff895258c21f1a58fc06538173d02b621021ad4,2017-02-14,2,2017,48.0,1344.0,16176.0,7.2319999999999975,215.09899999999982,2560.9210000000144,0.0,0.0,1344.0,Winter,28,7.682107142857137,1.0,20.0,8.0,7.675700000000001,
7018778,0xfff895258c21f1a58fc06538173d02b621021ad4,2017-02-15,2,2017,48.0,1344.0,16176.0,6.644999999999999,215.09899999999982,2560.9210000000144,0.0,0.0,1344.0,Winter,28,7.682107142857137,1.0,20.0,8.0,7.675700000000001,
7174682,0xfff895258c21f1a58fc06538173d02b621021ad4,2017-02-16,2,2017,48.0,1344.0,16176.0,8.023000000000001,215.09899999999982,2560.9210000000144,0.0,0.0,1344.0,Winter,28,7.682107142857137,1.0,20.0,8.0,7.675700000000001,
7330586,0xfff895258c21f1a58fc06538173d02b621021ad4,2017-02-17,2,2017,48.0,1344.0,16176.0,8.718999999999996,215.09899999999982,2560.9210000000144,0.0,0.0,1344.0,Winter,28,7.682107142857137,1.0,20.0,8.0,7.675700000000001,
7486490,0xfff895258c21f1a58fc06538173d02b621021ad4,2017-02-18,2,2017,48.0,1344.0,16176.0,7.9140000000000015,215.09899999999982,2560.9210000000144,0.0,0.0,1344.0,Winter,28,7.682107142857137,0.0,20.0,8.0,,7.698125
7642394,0xfff895258c21f1a58fc06538173d02b621021ad4,2017-02-19,2,2017,48.0,1344.0,16176.0,6.624,215.09899999999982,2560.9210000000144,0.0,0.0,1344.0,Winter,28,7.682107142857137,0.0,20.0,8.0,,7.698125
7798298,0xfff895258c21f1a58fc06538173d02b621021ad4,2017-02-20,2,2017,48.0,1344.0,16176.0,9.396,215.09899999999982,2560.9210000000144,0.0,0.0,1344.0,Winter,28,7.682107142857137,1.0,20.0,8.0,7.675700000000001,
7954202,0xfff895258c21f1a58fc06538173d02b621021ad4,2017-02-21,2,2017,48.0,1344.0,16176.0,7.941999999999998,215.09899999999982,2560.9210000000144,0.0,0.0,1344.0,Winter,28,7.682107142857137,1.0,20.0,8.0,7.675700000000001,
8110106,0xfff895258c21f1a58fc06538173d02b621021ad4,2017-02-22,2,2017,48.0,1344.0,16176.0,6.858000000000001,215.09899999999982,2560.9210000000144,0.0,0.0,1344.0,Winter,28,7.682107142857137,1.0,20.0,8.0,7.675700000000001,
8266010,0xfff895258c21f1a58fc06538173d02b621021ad4,2017-02-23,2,2017,48.0,1344.0,16176.0,7.398,215.09899999999982,2560.9210000000144,0.0,0.0,1344.0,Winter,28,7.682107142857137,1.0,20.0,8.0,7.675700000000001,
8421914,0xfff895258c21f1a58fc06538173d02b621021ad4,2017-02-24,2,2017,48.0,1344.0,16176.0,7.634000000000001,215.09899999999982,2560.9210000000144,0.0,0.0,1344.0,Winter,28,7.682107142857137,1.0,20.0,8.0,7.675700000000001,
8577818,0xfff895258c21f1a58fc06538173d02b621021ad4,2017-02-25,2,2017,48.0,1344.0,16176.0,8.396999999999998,215.09899999999982,2560.9210000000144,0.0,0.0,1344.0,Winter,28,7.682107142857137,0.0,20.0,8.0,,7.698125
8733722,0xfff895258c21f1a58fc06538173d02b621021ad4,2017-02-26,2,2017,48.0,1344.0,16176.0,7.254,215.09899999999982,2560.9210000000144,0.0,0.0,1344.0,Winter,28,7.682107142857137,0.0,20.0,8.0,,7.698125
8889626,0xfff895258c21f1a58fc06538173d02b621021ad4,2017-02-27,2,2017,48.0,1344.0,16176.0,6.884000000000002,215.09899999999982,2560.9210000000144,0.0,0.0,1344.0,Winter,28,7.682107142857137,1.0,20.0,8.0,7.675700000000001,
9045530,0xfff895258c21f1a58fc06538173d02b621021ad4,2017-02-28,2,2017,48.0,1344.0,16176.0,7.047999999999998,215.09899999999982,2560.9210000000144,0.0,0.0,1344.0,Winter,28,7.682107142857137,1.0,20.0,8.0,7.675700000000001,
9201434,0xfff895258c21f1a58fc06538173d02b621021ad4,2017-03-01,3,2017,48.0,1488.0,16176.0,6.812000000000001,232.26800000000017,2560.9210000000144,0.0,0.0,1344.0,Spring,31,7.492516129032263,1.0,23.0,8.0,7.443956521739131,
9357338,0xfff895258c21f1a58fc06538173d02b621021ad4,2017-03-02,3,2017,48.0,1488.0,16176.0,8.372999999999998,232.26800000000017,2560.9210000000144,0.0,0.0,1344.0,Spring,31,7.492516129032263,1.0,23.0,8.0,7.443956521739131,
9513242,0xfff895258c21f1a58fc06538173d02b621021ad4,2017-03-03,3,2017,48.0,1488.0,16176.0,7.860000000000001,232.26800000000017,2560.9210000000144,0.0,0.0,1344.0,Spring,31,7.492516129032263,1.0,23.0,8.0,7.443956521739131,
9669146,0xfff895258c21f1a58fc06538173d02b621021ad4,2017-03-04,3,2017,48.0,1488.0,16176.0,8.970000000000002,232.26800000000017,2560.9210000000144,0.0,0.0,1344.0,Spring,31,7.492516129032263,0.0,23.0,8.0,,7.632124999999999
9825050,0xfff895258c21f1a58fc06538173d02b621021ad4,2017-03-05,3,2017,48.0,1488.0,16176.0,6.742000000000001,232.26800000000017,2560.9210000000144,0.0,0.0,1344.0,Spring,31,7.492516129032263,0.0,23.0,8.0,,7.632124999999999
9980954,0xfff895258c21f1a58fc06538173d02b621021ad4,2017-03-06,3,2017,48.0,1488.0,16176.0,8.669000000000002,232.26800000000017,2560.9210000000144,0.0,0.0,1344.0,Spring,31,7.492516129032263,1.0,23.0,8.0,7.443956521739131,
10136858,0xfff895258c21f1a58fc06538173d02b621021ad4,2017-03-07,3,2017,48.0,1488.0,16176.0,8.238999999999999,232.26800000000017,2560.9210000000144,0.0,0.0,1344.0,Spring,31,7.492516129032263,1.0,23.0,8.0,7.443956521739131,
10292762,0xfff895258c21f1a58fc06538173d02b621021ad4,2017-03-08,3,2017,48.0,1488.0,16176.0,8.447000000000003,232.26800000000017,2560.9210000000144,0.0,0.0,1344.0,Spring,31,7.492516129032263,1.0,23.0,8.0,7.443956521739131,
10448666,0xfff895258c21f1a58fc06538173d02b621021ad4,2017-03-09,3,2017,48.0,1488.0,16176.0,6.575,232.26800000000017,2560.9210000000144,0.0,0.0,1344.0,Spring,31,7.492516129032263,1.0,23.0,8.0,7.443956521739131,
10604570,0xfff895258c21f1a58fc06538173d02b621021ad4,2017-03-10,3,2017,48.0,1488.0,16176.0,8.046,232.26800000000017,2560.9210000000144,0.0,0.0,1344.0,Spring,31,7.492516129032263,1.0,23.0,8.0,7.443956521739131,
10760474,0xfff895258c21f1a58fc06538173d02b621021ad4,2017-03-11,3,2017,48.0,1488.0,16176.0,9.116999999999999,232.26800000000017,2560.9210000000144,0.0,0.0,1344.0,Spring,31,7.492516129032263,0.0,23.0,8.0,,7.632124999999999
10916378,0xfff895258c21f1a58fc06538173d02b621021ad4,2017-03-12,3,2017,48.0,1488.0,16176.0,6.363,232.26800000000017,2560.9210000000144,0.0,0.0,1344.0,Spring,31,7.492516129032263,0.0,23.0,8.0,,7.632124999999999
11072282,0xfff895258c21f1a58fc06538173d02b621021ad4,2017-03-13,3,2017,48.0,1488.0,16176.0,6.627000000000002,232.26800000000017,2560.9210000000144,0.0,0.0,1344.0,Spring,31,7.492516129032263,1.0,23.0,8.0,7.443956521739131,
11228186,0xfff895258c21f1a58fc06538173d02b621021ad4,2017-03-14,3,2017,48.0,1488.0,16176.0,7.671,232.26800000000017,2560.9210000000144,0.0,0.0,1344.0,Spring,31,7.492516129032263,1.0,23.0,8.0,7.443956521739131,
11384090,0xfff895258c21f1a58fc06538173d02b621021ad4,2017-03-15,3,2017,48.0,1488.0,16176.0,6.2379999999999995,232.26800000000017,2560.9210000000144,0.0,0.0,1344.0,Spring,31,7.492516129032263,1.0,23.0,8.0,7.443956521739131,
11539994,0xfff895258c21f1a58fc06538173d02b621021ad4,2017-03-16,3,2017,48.0,1488.0,16176.0,8.595,232.26800000000017,2560.9210000000144,0.0,0.0,1344.0,Spring,31,7.492516129032263,1.0,23.0,8.0,7.443956521739131,
11695898,0xfff895258c21f1a58fc06538173d02b621021ad4,2017-03-17,3,2017,48.0,1488.0,16176.0,6.877,232.26800000000017,2560.9210000000144,0.0,0.0,1344.0,Spring,31,7.492516129032263,1.0,23.0,8.0,7.443956521739131,
11851802,0xfff895258c21f1a58fc06538173d02b621021ad4,2017-03-18,3,2017,48.0,1488.0,16176.0,10.190999999999999,232.26800000000017,2560.9210000000144,0.0,0.0,1344.0,Spring,31,7.492516129032263,0.0,23.0,8.0,,7.632124999999999
12007706,0xfff895258c21f1a58fc06538173d02b621021ad4,2017-03-19,3,2017,48.0,1488.0,16176.0,7.195000000000001,232.26800000000017,2560.9210000000144,0.0,0.0,1344.0,Spring,31,7.492516129032263,0.0,23.0,8.0,,7.632124999999999
12163610,0xfff895258c21f1a58fc06538173d02b621021ad4,2017-03-20,3,2017,48.0,1488.0,16176.0,6.926000000000002,232.26800000000017,2560.9210000000144,0.0,0.0,1344.0,Spring,31,7.492516129032263,1.0,23.0,8.0,7.443956521739131,
12319514,0xfff895258c21f1a58fc06538173d02b621021ad4,2017-03-21,3,2017,48.0,1488.0,16176.0,6.743,232.26800000000017,2560.9210000000144,0.0,0.0,1344.0,Spring,31,7.492516129032263,1.0,23.0,8.0,7.443956521739131,
12475418,0xfff895258c21f1a58fc06538173d02b621021ad4,2017-03-22,3,2017,48.0,1488.0,16176.0,7.7829999999999995,232.26800000000017,2560.9210000000144,0.0,0.0,1344.0,Spring,31,7.492516129032263,1.0,23.0,8.0,7.443956521739131,
12631322,0xfff895258c21f1a58fc06538173d02b621021ad4,2017-03-23,3,2017,48.0,1488.0,16176.0,7.319,232.26800000000017,2560.9210000000144,0.0,0.0,1344.0,Spring,31,7.492516129032263,1.0,23.0,8.0,7.443956521739131,
12787226,0xfff895258c21f1a58fc06538173d02b621021ad4,2017-03-24,3,2017,48.0,1488.0,16176.0,8.142999999999999,232.26800000000017,2560.9210000000144,0.0,0.0,1344.0,Spring,31,7.492516129032263,1.0,23.0,8.0,7.443956521739131,
12943130,0xfff895258c21f1a58fc06538173d02b621021ad4,2017-03-25,3,2017,48.0,1488.0,16176.0,7.015000000000001,232.26800000000017,2560.9210000000144,0.0,0.0,1344.0,Spring,31,7.492516129032263,0.0,23.0,8.0,,7.632124999999999
13099034,0xfff895258c21f1a58fc06538173d02b621021ad4,2017-03-26,3,2017,48.0,1488.0,16176.0,5.464000000000001,232.26800000000017,2560.9210000000144,0.0,0.0,1344.0,Spring,31,7.492516129032263,0.0,23.0,8.0,,7.632124999999999
13254938,0xfff895258c21f1a58fc06538173d02b621021ad4,2017-03-27,3,2017,48.0,1488.0,16176.0,6.395,232.26800000000017,2560.9210000000144,0.0,0.0,1344.0,Spring,31,7.492516129032263,1.0,23.0,8.0,7.443956521739131,
13410842,0xfff895258c21f1a58fc06538173d02b621021ad4,2017-03-28,3,2017,48.0,1488.0,16176.0,7.083999999999999,232.26800000000017,2560.9210000000144,0.0,0.0,1344.0,Spring,31,7.492516129032263,1.0,23.0,8.0,7.443956521739131,
13566746,0xfff895258c21f1a58fc06538173d02b621021ad4,2017-03-29,3,2017,48.0,1488.0,16176.0,7.156000000000001,232.26800000000017,2560.9210000000144,0.0,0.0,1344.0,Spring,31,7.492516129032263,1.0,23.0,8.0,7.443956521739131,
13722650,0xfff895258c21f1a58fc06538173d02b621021ad4,2017-03-30,3,2017,48.0,1488.0,16176.0,6.746999999999999,232.26800000000017,2560.9210000000144,0.0,0.0,1344.0,Spring,31,7.492516129032263,1.0,23.0,8.0,7.443956521739131,
13878554,0xfff895258c21f1a58fc06538173d02b621021ad4,2017-03-31,3,2017,48.0,1488.0,16176.0,7.886,232.26800000000017,2560.9210000000144,0.0,0.0,1344.0,Spring,31,7.492516129032263,1.0,23.0,8.0,7.443956521739131,
14034458,0xfff895258c21f1a58fc06538173d02b621021ad4,2017-04-01,4,2017,48.0,1440.0,16176.0,5.006,212.2960000000001,2560.9210000000144,0.0,0.0,1344.0,Spring,30,7.076533333333337,0.0,20.0,10.0,,7.5128
14190362,0xfff895258c21f1a58fc06538173d02b621021ad4,2017-04-02,4,2017,48.0,1440.0,16176.0,5.149000000000002,212.2960000000001,2560.9210000000144,0.0,0.0,1344.0,Spring,30,7.076533333333337,0.0,20.0,10.0,,7.5128
14346266,0xfff895258c21f1a58fc06538173d02b621021ad4,2017-04-03,4,2017,48.0,1440.0,16176.0,7.273,212.2960000000001,2560.9210000000144,0.0,0.0,1344.0,Spring,30,7.076533333333337,1.0,20.0,10.0,6.858399999999999,
14502170,0xfff895258c21f1a58fc06538173d02b621021ad4,2017-04-04,4,2017,48.0,1440.0,16176.0,6.598,212.2960000000001,2560.9210000000144,0.0,0.0,1344.0,Spring,30,7.076533333333337,1.0,20.0,10.0,6.858399999999999,
14658074,0xfff895258c21f1a58fc06538173d02b621021ad4,2017-04-05,4,2017,48.0,1440.0,16176.0,7.0420000000000025,212.2960000000001,2560.9210000000144,0.0,0.0,1344.0,Spring,30,7.076533333333337,1.0,20.0,10.0,6.858399999999999,
14813978,0xfff895258c21f1a58fc06538173d02b621021ad4,2017-04-06,4,2017,48.0,1440.0,16176.0,5.865,212.2960000000001,2560.9210000000144,0.0,0.0,1344.0,Spring,30,7.076533333333337,1.0,20.0,10.0,6.858399999999999,
14969882,0xfff895258c21f1a58fc06538173d02b621021ad4,2017-04-07,4,2017,48.0,1440.0,16176.0,8.146,212.2960000000001,2560.9210000000144,0.0,0.0,1344.0,Spring,30,7.076533333333337,1.0,20.0,10.0,6.858399999999999,
15125786,0xfff895258c21f1a58fc06538173d02b621021ad4,2017-04-08,4,2017,48.0,1440.0,16176.0,6.852000000000001,212.2960000000001,2560.9210000000144,0.0,0.0,1344.0,Spring,30,7.076533333333337,0.0,20.0,10.0,,7.5128
15281690,0xfff895258c21f1a58fc06538173d02b621021ad4,2017-04-09,4,2017,48.0,1440.0,16176.0,9.109,212.2960000000001,2560.9210000000144,0.0,0.0,1344.0,Spring,30,7.076533333333337,0.0,20.0,10.0,,7.5128
15437594,0xfff895258c21f1a58fc06538173d02b621021ad4,2017-04-10,4,2017,48.0,1440.0,16176.0,6.754999999999999,212.2960000000001,2560.9210000000144,0.0,0.0,1344.0,Spring,30,7.076533333333337,1.0,20.0,10.0,6.858399999999999,
15593498,0xfff895258c21f1a58fc06538173d02b621021ad4,2017-04-11,4,2017,48.0,1440.0,16176.0,6.5729999999999995,212.2960000000001,2560.9210000000144,0.0,0.0,1344.0,Spring,30,7.076533333333337,1.0,20.0,10.0,6.858399999999999,
15749402,0xfff895258c21f1a58fc06538173d02b621021ad4,2017-04-12,4,2017,48.0,1440.0,16176.0,7.158999999999998,212.2960000000001,2560.9210000000144,0.0,0.0,1344.0,Spring,30,7.076533333333337,1.0,20.0,10.0,6.858399999999999,
15905306,0xfff895258c21f1a58fc06538173d02b621021ad4,2017-04-13,4,2017,48.0,1440.0,16176.0,6.044000000000001,212.2960000000001,2560.9210000000144,0.0,0.0,1344.0,Spring,30,7.076533333333337,1.0,20.0,10.0,6.858399999999999,
16061210,0xfff895258c21f1a58fc06538173d02b621021ad4,2017-04-14,4,2017,48.0,1440.0,16176.0,6.734999999999999,212.2960000000001,2560.9210000000144,0.0,0.0,1344.0,Spring,30,7.076533333333337,1.0,20.0,10.0,6.858399999999999,
16217114,0xfff895258c21f1a58fc06538173d02b621021ad4,2017-04-15,4,2017,48.0,1440.0,16176.0,7.423000000000001,212.2960000000001,2560.9210000000144,0.0,0.0,1344.0,Spring,30,7.076533333333337,0.0,20.0,10.0,,7.5128
16373018,0xfff895258c21f1a58fc06538173d02b621021ad4,2017-04-16,4,2017,48.0,1440.0,16176.0,10.276000000000002,212.2960000000001,2560.9210000000144,0.0,0.0,1344.0,Spring,30,7.076533333333337,0.0,20.0,10.0,,7.5128
16528922,0xfff895258c21f1a58fc06538173d02b621021ad4,2017-04-17,4,2017,48.0,1440.0,16176.0,6.794,212.2960000000001,2560.9210000000144,0.0,0.0,1344.0,Spring,30,7.076533333333337,1.0,20.0,10.0,6.858399999999999,
16684826,0xfff895258c21f1a58fc06538173d02b621021ad4,2017-04-18,4,2017,48.0,1440.0,16176.0,7.326000000000001,212.2960000000001,2560.9210000000144,0.0,0.0,1344.0,Spring,30,7.076533333333337,1.0,20.0,10.0,6.858399999999999,
16840730,0xfff895258c21f1a58fc06538173d02b621021ad4,2017-04-19,4,2017,48.0,1440.0,16176.0,7.842999999999999,212.2960000000001,2560.9210000000144,0.0,0.0,1344.0,Spring,30,7.076533333333337,1.0,20.0,10.0,6.858399999999999,
16996634,0xfff895258c21f1a58fc06538173d02b621021ad4,2017-04-20,4,2017,48.0,1440.0,16176.0,6.433999999999998,212.2960000000001,2560.9210000000144,0.0,0.0,1344.0,Spring,30,7.076533333333337,1.0,20.0,10.0,6.858399999999999,
17152538,0xfff895258c21f1a58fc06538173d02b621021ad4,2017-04-21,4,2017,48.0,1440.0,16176.0,6.813999999999999,212.2960000000001,2560.9210000000144,0.0,0.0,1344.0,Spring,30,7.076533333333337,1.0,20.0,10.0,6.858399999999999,
17308442,0xfff895258c21f1a58fc06538173d02b621021ad4,2017-04-22,4,2017,48.0,1440.0,16176.0,7.436000000000003,212.2960000000001,2560.9210000000144,0.0,0.0,1344.0,Spring,30,7.076533333333337,0.0,20.0,10.0,,7.5128
17464346,0xfff895258c21f1a58fc06538173d02b621021ad4,2017-04-23,4,2017,48.0,1440.0,16176.0,8.776000000000003,212.2960000000001,2560.9210000000144,0.0,0.0,1344.0,Spring,30,7.076533333333337,0.0,20.0,10.0,,7.5128
17620250,0xfff895258c21f1a58fc06538173d02b621021ad4,2017-04-24,4,2017,48.0,1440.0,16176.0,7.057000000000002,212.2960000000001,2560.9210000000144,0.0,0.0,1344.0,Spring,30,7.076533333333337,1.0,20.0,10.0,6.858399999999999,
17776154,0xfff895258c21f1a58fc06538173d02b621021ad4,2017-04-25,4,2017,48.0,1440.0,16176.0,6.690000000000001,212.2960000000001,2560.9210000000144,0.0,0.0,1344.0,Spring,30,7.076533333333337,1.0,20.0,10.0,6.858399999999999,
17932058,0xfff895258c21f1a58fc06538173d02b621021ad4,2017-04-26,4,2017,48.0,1440.0,16176.0,7.553,212.2960000000001,2560.9210000000144,0.0,0.0,1344.0,Spring,30,7.076533333333337,1.0,20.0,10.0,6.858399999999999,
18087962,0xfff895258c21f1a58fc06538173d02b621021ad4,2017-04-27,4,2017,48.0,1440.0,16176.0,5.981000000000001,212.2960000000001,2560.9210000000144,0.0,0.0,1344.0,Spring,30,7.076533333333337,1.0,20.0,10.0,6.858399999999999,
18243866,0xfff895258c21f1a58fc06538173d02b621021ad4,2017-04-28,4,2017,48.0,1440.0,16176.0,6.485999999999999,212.2960000000001,2560.9210000000144,0.0,0.0,1344.0,Spring,30,7.076533333333337,1.0,20.0,10.0,6.858399999999999,
18399770,0xfff895258c21f1a58fc06538173d02b621021ad4,2017-04-29,4,2017,48.0,1440.0,16176.0,9.136999999999997,212.2960000000001,2560.9210000000144,0.0,0.0,1344.0,Spring,30,7.076533333333337,0.0,20.0,10.0,,7.5128
18555674,0xfff895258c21f1a58fc06538173d02b621021ad4,2017-04-30,4,2017,48.0,1440.0,16176.0,5.964000000000001,212.2960000000001,2560.9210000000144,0.0,0.0,1344.0,Spring,30,7.076533333333337,0.0,20.0,10.0,,7.5128
18711578,0xfff895258c21f1a58fc06538173d02b621021ad4,2017-05-01,5,2017,48.0,1200.0,16176.0,7.514999999999999,180.25699999999955,2560.9210000000144,0.0,288.0,1344.0,Spring,31,7.210279999999981,1.0,23.0,8.0,5.964173913043479,
18867482,0xfff895258c21f1a58fc06538173d02b621021ad4,2017-05-02,5,2017,48.0,1200.0,16176.0,9.492999999999997,180.25699999999955,2560.9210000000144,0.0,288.0,1344.0,Spring,31,7.210279999999981,1.0,23.0,8.0,5.964173913043479,
19023386,0xfff895258c21f1a58fc06538173d02b621021ad4,2017-05-03,5,2017,48.0,1200.0,16176.0,6.843,180.25699999999955,2560.9210000000144,0.0,288.0,1344.0,Spring,31,7.210279999999981,1.0,23.0,8.0,5.964173913043479,
19179290,0xfff895258c21f1a58fc06538173d02b621021ad4,2017-05-04,5,2017,48.0,1200.0,16176.0,6.72,180.25699999999955,2560.9210000000144,0.0,288.0,1344.0,Spring,31,7.210279999999981,1.0,23.0,8.0,5.964173913043479,
19335194,0xfff895258c21f1a58fc06538173d02b621021ad4,2017-05-05,5,2017,48.0,1200.0,16176.0,7.594000000000002,180.25699999999955,2560.9210000000144,0.0,288.0,1344.0,Spring,31,7.210279999999981,1.0,23.0,8.0,5.964173913043479,
19491098,0xfff895258c21f1a58fc06538173d02b621021ad4,2017-05-06,5,2017,48.0,1200.0,16176.0,7.932000000000001,180.25699999999955,2560.9210000000144,0.0,288.0,1344.0,Spring,31,7.210279999999981,0.0,23.0,8.0,,5.385125000000001
19647002,0xfff895258c21f1a58fc06538173d02b621021ad4,2017-05-07,5,2017,48.0,1200.0,16176.0,8.896,180.25699999999955,2560.9210000000144,0.0,288.0,1344.0,Spring,31,7.210279999999981,0.0,23.0,8.0,,5.385125000000001
19802906,0xfff895258c21f1a58fc06538173d02b621021ad4,2017-05-08,5,2017,48.0,1200.0,16176.0,7.642,180.25699999999955,2560.9210000000144,0.0,288.0,1344.0,Spring,31,7.210279999999981,1.0,23.0,8.0,5.964173913043479,
19958810,0xfff895258c21f1a58fc06538173d02b621021ad4,2017-05-09,5,2017,48.0,1200.0,16176.0,7.221000000000001,180.25699999999955,2560.9210000000144,0.0,288.0,1344.0,Spring,31,7.210279999999981,1.0,23.0,8.0,5.964173913043479,
20114714,0xfff895258c21f1a58fc06538173d02b621021ad4,2017-05-10,5,2017,48.0,1200.0,16176.0,5.982,180.25699999999955,2560.9210000000144,0.0,288.0,1344.0,Spring,31,7.210279999999981,1.0,23.0,8.0,5.964173913043479,
20270618,0xfff895258c21f1a58fc06538173d02b621021ad4,2017-05-11,5,2017,48.0,1200.0,16176.0,6.870000000000002,180.25699999999955,2560.9210000000144,0.0,288.0,1344.0,Spring,31,7.210279999999981,1.0,23.0,8.0,5.964173913043479,
20426522,0xfff895258c21f1a58fc06538173d02b621021ad4,2017-05-12,5,2017,48.0,1200.0,16176.0,8.41,180.25699999999955,2560.9210000000144,0.0,288.0,1344.0,Spring,31,7.210279999999981,1.0,23.0,8.0,5.964173913043479,
20582426,0xfff895258c21f1a58fc06538173d02b621021ad4,2017-05-13,5,2017,48.0,1200.0,16176.0,6.175000000000001,180.25699999999955,2560.9210000000144,0.0,288.0,1344.0,Spring,31,7.210279999999981,0.0,23.0,8.0,,5.385125000000001
20738330,0xfff895258c21f1a58fc06538173d02b621021ad4,2017-05-14,5,2017,48.0,1200.0,16176.0,6.071,180.25699999999955,2560.9210000000144,0.0,288.0,1344.0,Spring,31,7.210279999999981,0.0,23.0,8.0,,5.385125000000001
20894234,0xfff895258c21f1a58fc06538173d02b621021ad4,2017-05-15,5,2017,48.0,1200.0,16176.0,6.773000000000002,180.25699999999955,2560.9210000000144,0.0,288.0,1344.0,Spring,31,7.210279999999981,1.0,23.0,8.0,5.964173913043479,
21050138,0xfff895258c21f1a58fc06538173d02b621021ad4,2017-05-16,5,2017,0.0,1200.0,16176.0,0.0,180.25699999999955,2560.9210000000144,48.0,288.0,1344.0,Spring,31,7.210279999999981,1.0,23.0,8.0,5.964173913043479,
21206042,0xfff895258c21f1a58fc06538173d02b621021ad4,2017-05-17,5,2017,0.0,1200.0,16176.0,0.0,180.25699999999955,2560.9210000000144,48.0,288.0,1344.0,Spring,31,7.210279999999981,1.0,23.0,8.0,5.964173913043479,
21361946,0xfff895258c21f1a58fc06538173d02b621021ad4,2017-05-18,5,2017,48.0,1200.0,16176.0,8.174000000000001,180.25699999999955,2560.9210000000144,0.0,288.0,1344.0,Spring,31,7.210279999999981,1.0,23.0,8.0,5.964173913043479,
21517850,0xfff895258c21f1a58fc06538173d02b621021ad4,2017-05-19,5,2017,48.0,1200.0,16176.0,7.629000000000001,180.25699999999955,2560.9210000000144,0.0,288.0,1344.0,Spring,31,7.210279999999981,1.0,23.0,8.0,5.964173913043479,
21673754,0xfff895258c21f1a58fc06538173d02b621021ad4,2017-05-20,5,2017,48.0,1200.0,16176.0,6.017000000000004,180.25699999999955,2560.9210000000144,0.0,288.0,1344.0,Spring,31,7.210279999999981,0.0,23.0,8.0,,5.385125000000001
21829658,0xfff895258c21f1a58fc06538173d02b621021ad4,2017-05-21,5,2017,0.0,1200.0,16176.0,0.0,180.25699999999955,2560.9210000000144,48.0,288.0,1344.0,Spring,31,7.210279999999981,0.0,23.0,8.0,,5.385125000000001
21985562,0xfff895258c21f1a58fc06538173d02b621021ad4,2017-05-22,5,2017,48.0,1200.0,16176.0,7.497,180.25699999999955,2560.9210000000144,0.0,288.0,1344.0,Spring,31,7.210279999999981,1.0,23.0,8.0,5.964173913043479,
22141466,0xfff895258c21f1a58fc06538173d02b621021ad4,2017-05-23,5,2017,48.0,1200.0,16176.0,6.527000000000002,180.25699999999955,2560.9210000000144,0.0,288.0,1344.0,Spring,31,7.210279999999981,1.0,23.0,8.0,5.964173913043479,
22297370,0xfff895258c21f1a58fc06538173d02b621021ad4,2017-05-24,5,2017,0.0,1200.0,16176.0,0.0,180.25699999999955,2560.9210000000144,48.0,288.0,1344.0,Spring,31,7.210279999999981,1.0,23.0,8.0,5.964173913043479,
22453274,0xfff895258c21f1a58fc06538173d02b621021ad4,2017-05-25,5,2017,0.0,1200.0,16176.0,0.0,180.25699999999955,2560.9210000000144,48.0,288.0,1344.0,Spring,31,7.210279999999981,1.0,23.0,8.0,5.964173913043479,
22609178,0xfff895258c21f1a58fc06538173d02b621021ad4,2017-05-26,5,2017,48.0,1200.0,16176.0,6.364,180.25699999999955,2560.9210000000144,0.0,288.0,1344.0,Spring,31,7.210279999999981,1.0,23.0,8.0,5.964173913043479,
22765082,0xfff895258c21f1a58fc06538173d02b621021ad4,2017-05-27,5,2017,0.0,1200.0,16176.0,0.0,180.25699999999955,2560.9210000000144,48.0,288.0,1344.0,Spring,31,7.210279999999981,0.0,23.0,8.0,,5.385125000000001
22920986,0xfff895258c21f1a58fc06538173d02b621021ad4,2017-05-28,5,2017,48.0,1200.0,16176.0,7.99,180.25699999999955,2560.9210000000144,0.0,288.0,1344.0,Spring,31,7.210279999999981,0.0,23.0,8.0,,5.385125000000001
23076890,0xfff895258c21f1a58fc06538173d02b621021ad4,2017-05-29,5,2017,48.0,1200.0,16176.0,7.139000000000001,180.25699999999955,2560.9210000000144,0.0,288.0,1344.0,Spring,31,7.210279999999981,1.0,23.0,8.0,5.964173913043479,
23232794,0xfff895258c21f1a58fc06538173d02b621021ad4,2017-05-30,5,2017,48.0,1200.0,16176.0,6.625000000000001,180.25699999999955,2560.9210000000144,0.0,288.0,1344.0,Spring,31,7.210279999999981,1.0,23.0,8.0,5.964173913043479,
23388698,0xfff895258c21f1a58fc06538173d02b621021ad4,2017-05-31,5,2017,48.0,1200.0,16176.0,6.1579999999999995,180.25699999999955,2560.9210000000144,0.0,288.0,1344.0,Spring,31,7.210279999999981,1.0,23.0,8.0,5.964173913043479,
23544602,0xfff895258c21f1a58fc06538173d02b621021ad4,2017-06-01,6,2017,48.0,1440.0,16176.0,6.162000000000001,205.3019999999998,2560.9210000000144,0.0,0.0,1344.0,Summer,30,6.843399999999994,1.0,22.0,8.0,7.002045454545455,
23700506,0xfff895258c21f1a58fc06538173d02b621021ad4,2017-06-02,6,2017,48.0,1440.0,16176.0,7.5310000000000015,205.3019999999998,2560.9210000000144,0.0,0.0,1344.0,Summer,30,6.843399999999994,1.0,22.0,8.0,7.002045454545455,
23856410,0xfff895258c21f1a58fc06538173d02b621021ad4,2017-06-03,6,2017,48.0,1440.0,16176.0,5.6129999999999995,205.3019999999998,2560.9210000000144,0.0,0.0,1344.0,Summer,30,6.843399999999994,0.0,22.0,8.0,,6.407125
24012314,0xfff895258c21f1a58fc06538173d02b621021ad4,2017-06-04,6,2017,48.0,1440.0,16176.0,5.612,205.3019999999998,2560.9210000000144,0.0,0.0,1344.0,Summer,30,6.843399999999994,0.0,22.0,8.0,,6.407125
24168218,0xfff895258c21f1a58fc06538173d02b621021ad4,2017-06-05,6,2017,48.0,1440.0,16176.0,6.6770000000000005,205.3019999999998,2560.9210000000144,0.0,0.0,1344.0,Summer,30,6.843399999999994,1.0,22.0,8.0,7.002045454545455,
24324122,0xfff895258c21f1a58fc06538173d02b621021ad4,2017-06-06,6,2017,48.0,1440.0,16176.0,7.874,205.3019999999998,2560.9210000000144,0.0,0.0,1344.0,Summer,30,6.843399999999994,1.0,22.0,8.0,7.002045454545455,
24480026,0xfff895258c21f1a58fc06538173d02b621021ad4,2017-06-07,6,2017,48.0,1440.0,16176.0,6.284000000000001,205.3019999999998,2560.9210000000144,0.0,0.0,1344.0,Summer,30,6.843399999999994,1.0,22.0,8.0,7.002045454545455,
24635930,0xfff895258c21f1a58fc06538173d02b621021ad4,2017-06-08,6,2017,48.0,1440.0,16176.0,6.319,205.3019999999998,2560.9210000000144,0.0,0.0,1344.0,Summer,30,6.843399999999994,1.0,22.0,8.0,7.002045454545455,
24791834,0xfff895258c21f1a58fc06538173d02b621021ad4,2017-06-09,6,2017,48.0,1440.0,16176.0,8.004999999999997,205.3019999999998,2560.9210000000144,0.0,0.0,1344.0,Summer,30,6.843399999999994,1.0,22.0,8.0,7.002045454545455,
24947738,0xfff895258c21f1a58fc06538173d02b621021ad4,2017-06-10,6,2017,48.0,1440.0,16176.0,6.864,205.3019999999998,2560.9210000000144,0.0,0.0,1344.0,Summer,30,6.843399999999994,0.0,22.0,8.0,,6.407125
25103642,0xfff895258c21f1a58fc06538173d02b621021ad4,2017-06-11,6,2017,48.0,1440.0,16176.0,7.9620000000000015,205.3019999999998,2560.9210000000144,0.0,0.0,1344.0,Summer,30,6.843399999999994,0.0,22.0,8.0,,6.407125
25259546,0xfff895258c21f1a58fc06538173d02b621021ad4,2017-06-12,6,2017,48.0,1440.0,16176.0,7.29,205.3019999999998,2560.9210000000144,0.0,0.0,1344.0,Summer,30,6.843399999999994,1.0,22.0,8.0,7.002045454545455,
25415450,0xfff895258c21f1a58fc06538173d02b621021ad4,2017-06-13,6,2017,48.0,1440.0,16176.0,6.380000000000002,205.3019999999998,2560.9210000000144,0.0,0.0,1344.0,Summer,30,6.843399999999994,1.0,22.0,8.0,7.002045454545455,
25571354,0xfff895258c21f1a58fc06538173d02b621021ad4,2017-06-14,6,2017,48.0,1440.0,16176.0,7.444999999999999,205.3019999999998,2560.9210000000144,0.0,0.0,1344.0,Summer,30,6.843399999999994,1.0,22.0,8.0,7.002045454545455,
25727258,0xfff895258c21f1a58fc06538173d02b621021ad4,2017-06-15,6,2017,48.0,1440.0,16176.0,7.231,205.3019999999998,2560.9210000000144,0.0,0.0,1344.0,Summer,30,6.843399999999994,1.0,22.0,8.0,7.002045454545455,
25883162,0xfff895258c21f1a58fc06538173d02b621021ad4,2017-06-16,6,2017,48.0,1440.0,16176.0,6.939000000000001,205.3019999999998,2560.9210000000144,0.0,0.0,1344.0,Summer,30,6.843399999999994,1.0,22.0,8.0,7.002045454545455,
26039066,0xfff895258c21f1a58fc06538173d02b621021ad4,2017-06-17,6,2017,48.0,1440.0,16176.0,6.878999999999998,205.3019999999998,2560.9210000000144,0.0,0.0,1344.0,Summer,30,6.843399999999994,0.0,22.0,8.0,,6.407125
26194970,0xfff895258c21f1a58fc06538173d02b621021ad4,2017-06-18,6,2017,48.0,1440.0,16176.0,5.742,205.3019999999998,2560.9210000000144,0.0,0.0,1344.0,Summer,30,6.843399999999994,0.0,22.0,8.0,,6.407125
26350874,0xfff895258c21f1a58fc06538173d02b621021ad4,2017-06-19,6,2017,48.0,1440.0,16176.0,6.903999999999999,205.3019999999998,2560.9210000000144,0.0,0.0,1344.0,Summer,30,6.843399999999994,1.0,22.0,8.0,7.002045454545455,
26506778,0xfff895258c21f1a58fc06538173d02b621021ad4,2017-06-20,6,2017,48.0,1440.0,16176.0,6.171,205.3019999999998,2560.9210000000144,0.0,0.0,1344.0,Summer,30,6.843399999999994,1.0,22.0,8.0,7.002045454545455,
26662682,0xfff895258c21f1a58fc06538173d02b621021ad4,2017-06-21,6,2017,48.0,1440.0,16176.0,6.217999999999999,205.3019999999998,2560.9210000000144,0.0,0.0,1344.0,Summer,30,6.843399999999994,1.0,22.0,8.0,7.002045454545455,
26818586,0xfff895258c21f1a58fc06538173d02b621021ad4,2017-06-22,6,2017,48.0,1440.0,16176.0,6.724000000000001,205.3019999999998,2560.9210000000144,0.0,0.0,1344.0,Summer,30,6.843399999999994,1.0,22.0,8.0,7.002045454545455,
26974490,0xfff895258c21f1a58fc06538173d02b621021ad4,2017-06-23,6,2017,48.0,1440.0,16176.0,8.027999999999999,205.3019999999998,2560.9210000000144,0.0,0.0,1344.0,Summer,30,6.843399999999994,1.0,22.0,8.0,7.002045454545455,
27130394,0xfff895258c21f1a58fc06538173d02b621021ad4,2017-06-24,6,2017,48.0,1440.0,16176.0,6.19,205.3019999999998,2560.9210000000144,0.0,0.0,1344.0,Summer,30,6.843399999999994,0.0,22.0,8.0,,6.407125
27286298,0xfff895258c21f1a58fc06538173d02b621021ad4,2017-06-25,6,2017,48.0,1440.0,16176.0,6.3950000000000005,205.3019999999998,2560.9210000000144,0.0,0.0,1344.0,Summer,30,6.843399999999994,0.0,22.0,8.0,,6.407125
27442202,0xfff895258c21f1a58fc06538173d02b621021ad4,2017-06-26,6,2017,48.0,1440.0,16176.0,6.686,205.3019999999998,2560.9210000000144,0.0,0.0,1344.0,Summer,30,6.843399999999994,1.0,22.0,8.0,7.002045454545455,
27598106,0xfff895258c21f1a58fc06538173d02b621021ad4,2017-06-27,6,2017,48.0,1440.0,16176.0,6.802000000000001,205.3019999999998,2560.9210000000144,0.0,0.0,1344.0,Summer,30,6.843399999999994,1.0,22.0,8.0,7.002045454545455,
27754010,0xfff895258c21f1a58fc06538173d02b621021ad4,2017-06-28,6,2017,48.0,1440.0,16176.0,9.024,205.3019999999998,2560.9210000000144,0.0,0.0,1344.0,Summer,30,6.843399999999994,1.0,22.0,8.0,7.002045454545455,
27909914,0xfff895258c21f1a58fc06538173d02b621021ad4,2017-06-29,6,2017,48.0,1440.0,16176.0,6.778,205.3019999999998,2560.9210000000144,0.0,0.0,1344.0,Summer,30,6.843399999999994,1.0,22.0,8.0,7.002045454545455,
28065818,0xfff895258c21f1a58fc06538173d02b621021ad4,2017-06-30,6,2017,48.0,1440.0,16176.0,6.5729999999999995,205.3019999999998,2560.9210000000144,0.0,0.0,1344.0,Summer,30,6.843399999999994,1.0,22.0,8.0,7.002045454545455,
28221722,0xfff895258c21f1a58fc06538173d02b621021ad4,2017-07-01,7,2017,48.0,1440.0,16176.0,7.653,210.69400000000033,2560.9210000000144,0.0,48.0,1344.0,Summer,31,7.0231333333333446,0.0,21.0,10.0,,6.294199999999999
28377626,0xfff895258c21f1a58fc06538173d02b621021ad4,2017-07-02,7,2017,0.0,1440.0,16176.0,0.0,210.69400000000033,2560.9210000000144,48.0,48.0,1344.0,Summer,31,7.0231333333333446,0.0,21.0,10.0,,6.294199999999999
28533530,0xfff895258c21f1a58fc06538173d02b621021ad4,2017-07-03,7,2017,48.0,1440.0,16176.0,6.857000000000001,210.69400000000033,2560.9210000000144,0.0,48.0,1344.0,Summer,31,7.0231333333333446,1.0,21.0,10.0,7.035809523809524,
28689434,0xfff895258c21f1a58fc06538173d02b621021ad4,2017-07-04,7,2017,48.0,1440.0,16176.0,5.973000000000001,210.69400000000033,2560.9210000000144,0.0,48.0,1344.0,Summer,31,7.0231333333333446,1.0,21.0,10.0,7.035809523809524,
28845338,0xfff895258c21f1a58fc06538173d02b621021ad4,2017-07-05,7,2017,48.0,1440.0,16176.0,7.718,210.69400000000033,2560.9210000000144,0.0,48.0,1344.0,Summer,31,7.0231333333333446,1.0,21.0,10.0,7.035809523809524,
29001242,0xfff895258c21f1a58fc06538173d02b621021ad4,2017-07-06,7,2017,48.0,1440.0,16176.0,5.900000000000001,210.69400000000033,2560.9210000000144,0.0,48.0,1344.0,Summer,31,7.0231333333333446,1.0,21.0,10.0,7.035809523809524,
29157146,0xfff895258c21f1a58fc06538173d02b621021ad4,2017-07-07,7,2017,48.0,1440.0,16176.0,7.536,210.69400000000033,2560.9210000000144,0.0,48.0,1344.0,Summer,31,7.0231333333333446,1.0,21.0,10.0,7.035809523809524,
29313050,0xfff895258c21f1a58fc06538173d02b621021ad4,2017-07-08,7,2017,48.0,1440.0,16176.0,8.388000000000002,210.69400000000033,2560.9210000000144,0.0,48.0,1344.0,Summer,31,7.0231333333333446,0.0,21.0,10.0,,6.294199999999999
29468954,0xfff895258c21f1a58fc06538173d02b621021ad4,2017-07-09,7,2017,48.0,1440.0,16176.0,5.645999999999997,210.69400000000033,2560.9210000000144,0.0,48.0,1344.0,Summer,31,7.0231333333333446,0.0,21.0,10.0,,6.294199999999999
29624858,0xfff895258c21f1a58fc06538173d02b621021ad4,2017-07-10,7,2017,48.0,1440.0,16176.0,7.583,210.69400000000033,2560.9210000000144,0.0,48.0,1344.0,Summer,31,7.0231333333333446,1.0,21.0,10.0,7.035809523809524,
29780762,0xfff895258c21f1a58fc06538173d02b621021ad4,2017-07-11,7,2017,48.0,1440.0,16176.0,8.253000000000004,210.69400000000033,2560.9210000000144,0.0,48.0,1344.0,Summer,31,7.0231333333333446,1.0,21.0,10.0,7.035809523809524,
29936666,0xfff895258c21f1a58fc06538173d02b621021ad4,2017-07-12,7,2017,48.0,1440.0,16176.0,7.26,210.69400000000033,2560.9210000000144,0.0,48.0,1344.0,Summer,31,7.0231333333333446,1.0,21.0,10.0,7.035809523809524,
30092570,0xfff895258c21f1a58fc06538173d02b621021ad4,2017-07-13,7,2017,48.0,1440.0,16176.0,6.788000000000003,210.69400000000033,2560.9210000000144,0.0,48.0,1344.0,Summer,31,7.0231333333333446,1.0,21.0,10.0,7.035809523809524,
30248474,0xfff895258c21f1a58fc06538173d02b621021ad4,2017-07-14,7,2017,48.0,1440.0,16176.0,6.228999999999999,210.69400000000033,2560.9210000000144,0.0,48.0,1344.0,Summer,31,7.0231333333333446,1.0,21.0,10.0,7.035809523809524,
30404378,0xfff895258c21f1a58fc06538173d02b621021ad4,2017-07-15,7,2017,48.0,1440.0,16176.0,6.730999999999999,210.69400000000033,2560.9210000000144,0.0,48.0,1344.0,Summer,31,7.0231333333333446,0.0,21.0,10.0,,6.294199999999999
30560282,0xfff895258c21f1a58fc06538173d02b621021ad4,2017-07-16,7,2017,48.0,1440.0,16176.0,6.051000000000002,210.69400000000033,2560.9210000000144,0.0,48.0,1344.0,Summer,31,7.0231333333333446,0.0,21.0,10.0,,6.294199999999999
30716186,0xfff895258c21f1a58fc06538173d02b621021ad4,2017-07-17,7,2017,48.0,1440.0,16176.0,8.126999999999999,210.69400000000033,2560.9210000000144,0.0,48.0,1344.0,Summer,31,7.0231333333333446,1.0,21.0,10.0,7.035809523809524,
30872090,0xfff895258c21f1a58fc06538173d02b621021ad4,2017-07-18,7,2017,48.0,1440.0,16176.0,6.275000000000001,210.69400000000033,2560.9210000000144,0.0,48.0,1344.0,Summer,31,7.0231333333333446,1.0,21.0,10.0,7.035809523809524,
31027994,0xfff895258c21f1a58fc06538173d02b621021ad4,2017-07-19,7,2017,48.0,1440.0,16176.0,6.451999999999999,210.69400000000033,2560.9210000000144,0.0,48.0,1344.0,Summer,31,7.0231333333333446,1.0,21.0,10.0,7.035809523809524,
31183898,0xfff895258c21f1a58fc06538173d02b621021ad4,2017-07-20,7,2017,48.0,1440.0,16176.0,6.582,210.69400000000033,2560.9210000000144,0.0,48.0,1344.0,Summer,31,7.0231333333333446,1.0,21.0,10.0,7.035809523809524,
31339802,0xfff895258c21f1a58fc06538173d02b621021ad4,2017-07-21,7,2017,48.0,1440.0,16176.0,7.82,210.69400000000033,2560.9210000000144,0.0,48.0,1344.0,Summer,31,7.0231333333333446,1.0,21.0,10.0,7.035809523809524,
31495706,0xfff895258c21f1a58fc06538173d02b621021ad4,2017-07-22,7,2017,48.0,1440.0,16176.0,6.148000000000001,210.69400000000033,2560.9210000000144,0.0,48.0,1344.0,Summer,31,7.0231333333333446,0.0,21.0,10.0,,6.294199999999999
31651610,0xfff895258c21f1a58fc06538173d02b621021ad4,2017-07-23,7,2017,48.0,1440.0,16176.0,7.808999999999998,210.69400000000033,2560.9210000000144,0.0,48.0,1344.0,Summer,31,7.0231333333333446,0.0,21.0,10.0,,6.294199999999999
31807514,0xfff895258c21f1a58fc06538173d02b621021ad4,2017-07-24,7,2017,48.0,1440.0,16176.0,7.958,210.69400000000033,2560.9210000000144,0.0,48.0,1344.0,Summer,31,7.0231333333333446,1.0,21.0,10.0,7.035809523809524,
31963418,0xfff895258c21f1a58fc06538173d02b621021ad4,2017-07-25,7,2017,48.0,1440.0,16176.0,6.596999999999999,210.69400000000033,2560.9210000000144,0.0,48.0,1344.0,Summer,31,7.0231333333333446,1.0,21.0,10.0,7.035809523809524,
32119322,0xfff895258c21f1a58fc06538173d02b621021ad4,2017-07-26,7,2017,48.0,1440.0,16176.0,6.897000000000003,210.69400000000033,2560.9210000000144,0.0,48.0,1344.0,Summer,31,7.0231333333333446,1.0,21.0,10.0,7.035809523809524,
32275226,0xfff895258c21f1a58fc06538173d02b621021ad4,2017-07-27,7,2017,48.0,1440.0,16176.0,6.787,210.69400000000033,2560.9210000000144,0.0,48.0,1344.0,Summer,31,7.0231333333333446,1.0,21.0,10.0,7.035809523809524,
32431130,0xfff895258c21f1a58fc06538173d02b621021ad4,2017-07-28,7,2017,48.0,1440.0,16176.0,6.584999999999999,210.69400000000033,2560.9210000000144,0.0,48.0,1344.0,Summer,31,7.0231333333333446,1.0,21.0,10.0,7.035809523809524,
32587034,0xfff895258c21f1a58fc06538173d02b621021ad4,2017-07-29,7,2017,48.0,1440.0,16176.0,6.4600000000000035,210.69400000000033,2560.9210000000144,0.0,48.0,1344.0,Summer,31,7.0231333333333446,0.0,21.0,10.0,,6.294199999999999
32742938,0xfff895258c21f1a58fc06538173d02b621021ad4,2017-07-30,7,2017,48.0,1440.0,16176.0,8.056,210.69400000000033,2560.9210000000144,0.0,48.0,1344.0,Summer,31,7.0231333333333446,0.0,21.0,10.0,,6.294199999999999
32898842,0xfff895258c21f1a58fc06538173d02b621021ad4,2017-07-31,7,2017,48.0,1440.0,16176.0,7.575000000000001,210.69400000000033,2560.9210000000144,0.0,48.0,1344.0,Summer,31,7.0231333333333446,1.0,21.0,10.0,7.035809523809524,
33054746,0xfff895258c21f1a58fc06538173d02b621021ad4,2017-08-01,8,2017,48.0,1440.0,16176.0,6.997999999999999,211.19100000000003,2560.9210000000144,0.0,48.0,1344.0,Summer,31,7.039700000000001,1.0,23.0,8.0,6.685826086956522,
33210650,0xfff895258c21f1a58fc06538173d02b621021ad4,2017-08-02,8,2017,48.0,1440.0,16176.0,6.226000000000002,211.19100000000003,2560.9210000000144,0.0,48.0,1344.0,Summer,31,7.039700000000001,1.0,23.0,8.0,6.685826086956522,
33366554,0xfff895258c21f1a58fc06538173d02b621021ad4,2017-08-03,8,2017,48.0,1440.0,16176.0,7.216000000000001,211.19100000000003,2560.9210000000144,0.0,48.0,1344.0,Summer,31,7.039700000000001,1.0,23.0,8.0,6.685826086956522,
33522458,0xfff895258c21f1a58fc06538173d02b621021ad4,2017-08-04,8,2017,48.0,1440.0,16176.0,7.864,211.19100000000003,2560.9210000000144,0.0,48.0,1344.0,Summer,31,7.039700000000001,1.0,23.0,8.0,6.685826086956522,
33678362,0xfff895258c21f1a58fc06538173d02b621021ad4,2017-08-05,8,2017,48.0,1440.0,16176.0,9.291999999999998,211.19100000000003,2560.9210000000144,0.0,48.0,1344.0,Summer,31,7.039700000000001,0.0,23.0,8.0,,7.177125000000001
33834266,0xfff895258c21f1a58fc06538173d02b621021ad4,2017-08-06,8,2017,48.0,1440.0,16176.0,6.802999999999999,211.19100000000003,2560.9210000000144,0.0,48.0,1344.0,Summer,31,7.039700000000001,0.0,23.0,8.0,,7.177125000000001
33990170,0xfff895258c21f1a58fc06538173d02b621021ad4,2017-08-07,8,2017,48.0,1440.0,16176.0,7.4300000000000015,211.19100000000003,2560.9210000000144,0.0,48.0,1344.0,Summer,31,7.039700000000001,1.0,23.0,8.0,6.685826086956522,
34146074,0xfff895258c21f1a58fc06538173d02b621021ad4,2017-08-08,8,2017,48.0,1440.0,16176.0,6.988,211.19100000000003,2560.9210000000144,0.0,48.0,1344.0,Summer,31,7.039700000000001,1.0,23.0,8.0,6.685826086956522,
34301978,0xfff895258c21f1a58fc06538173d02b621021ad4,2017-08-09,8,2017,48.0,1440.0,16176.0,7.1850000000000005,211.19100000000003,2560.9210000000144,0.0,48.0,1344.0,Summer,31,7.039700000000001,1.0,23.0,8.0,6.685826086956522,
34457882,0xfff895258c21f1a58fc06538173d02b621021ad4,2017-08-10,8,2017,48.0,1440.0,16176.0,5.937000000000001,211.19100000000003,2560.9210000000144,0.0,48.0,1344.0,Summer,31,7.039700000000001,1.0,23.0,8.0,6.685826086956522,
34613786,0xfff895258c21f1a58fc06538173d02b621021ad4,2017-08-11,8,2017,48.0,1440.0,16176.0,7.85,211.19100000000003,2560.9210000000144,0.0,48.0,1344.0,Summer,31,7.039700000000001,1.0,23.0,8.0,6.685826086956522,
34769690,0xfff895258c21f1a58fc06538173d02b621021ad4,2017-08-12,8,2017,48.0,1440.0,16176.0,7.359000000000001,211.19100000000003,2560.9210000000144,0.0,48.0,1344.0,Summer,31,7.039700000000001,0.0,23.0,8.0,,7.177125000000001
34925594,0xfff895258c21f1a58fc06538173d02b621021ad4,2017-08-13,8,2017,48.0,1440.0,16176.0,5.682999999999998,211.19100000000003,2560.9210000000144,0.0,48.0,1344.0,Summer,31,7.039700000000001,0.0,23.0,8.0,,7.177125000000001
35081498,0xfff895258c21f1a58fc06538173d02b621021ad4,2017-08-14,8,2017,48.0,1440.0,16176.0,7.080000000000001,211.19100000000003,2560.9210000000144,0.0,48.0,1344.0,Summer,31,7.039700000000001,1.0,23.0,8.0,6.685826086956522,
35237402,0xfff895258c21f1a58fc06538173d02b621021ad4,2017-08-15,8,2017,48.0,1440.0,16176.0,5.931000000000002,211.19100000000003,2560.9210000000144,0.0,48.0,1344.0,Summer,31,7.039700000000001,1.0,23.0,8.0,6.685826086956522,
35393306,0xfff895258c21f1a58fc06538173d02b621021ad4,2017-08-16,8,2017,0.0,1440.0,16176.0,0.0,211.19100000000003,2560.9210000000144,48.0,48.0,1344.0,Summer,31,7.039700000000001,1.0,23.0,8.0,6.685826086956522,
35549210,0xfff895258c21f1a58fc06538173d02b621021ad4,2017-08-17,8,2017,48.0,1440.0,16176.0,7.718000000000001,211.19100000000003,2560.9210000000144,0.0,48.0,1344.0,Summer,31,7.039700000000001,1.0,23.0,8.0,6.685826086956522,
35705114,0xfff895258c21f1a58fc06538173d02b621021ad4,2017-08-18,8,2017,48.0,1440.0,16176.0,8.035,211.19100000000003,2560.9210000000144,0.0,48.0,1344.0,Summer,31,7.039700000000001,1.0,23.0,8.0,6.685826086956522,
35861018,0xfff895258c21f1a58fc06538173d02b621021ad4,2017-08-19,8,2017,48.0,1440.0,16176.0,7.5230000000000015,211.19100000000003,2560.9210000000144,0.0,48.0,1344.0,Summer,31,7.039700000000001,0.0,23.0,8.0,,7.177125000000001
36016922,0xfff895258c21f1a58fc06538173d02b621021ad4,2017-08-20,8,2017,48.0,1440.0,16176.0,7.096000000000003,211.19100000000003,2560.9210000000144,0.0,48.0,1344.0,Summer,31,7.039700000000001,0.0,23.0,8.0,,7.177125000000001
36172826,0xfff895258c21f1a58fc06538173d02b621021ad4,2017-08-21,8,2017,48.0,1440.0,16176.0,7.296000000000001,211.19100000000003,2560.9210000000144,0.0,48.0,1344.0,Summer,31,7.039700000000001,1.0,23.0,8.0,6.685826086956522,
36328730,0xfff895258c21f1a58fc06538173d02b621021ad4,2017-08-22,8,2017,48.0,1440.0,16176.0,6.871000000000001,211.19100000000003,2560.9210000000144,0.0,48.0,1344.0,Summer,31,7.039700000000001,1.0,23.0,8.0,6.685826086956522,
36484634,0xfff895258c21f1a58fc06538173d02b621021ad4,2017-08-23,8,2017,48.0,1440.0,16176.0,6.339,211.19100000000003,2560.9210000000144,0.0,48.0,1344.0,Summer,31,7.039700000000001,1.0,23.0,8.0,6.685826086956522,
36640538,0xfff895258c21f1a58fc06538173d02b621021ad4,2017-08-24,8,2017,48.0,1440.0,16176.0,6.589999999999999,211.19100000000003,2560.9210000000144,0.0,48.0,1344.0,Summer,31,7.039700000000001,1.0,23.0,8.0,6.685826086956522,
36796442,0xfff895258c21f1a58fc06538173d02b621021ad4,2017-08-25,8,2017,48.0,1440.0,16176.0,6.6899999999999995,211.19100000000003,2560.9210000000144,0.0,48.0,1344.0,Summer,31,7.039700000000001,1.0,23.0,8.0,6.685826086956522,
36952346,0xfff895258c21f1a58fc06538173d02b621021ad4,2017-08-26,8,2017,48.0,1440.0,16176.0,7.692,211.19100000000003,2560.9210000000144,0.0,48.0,1344.0,Summer,31,7.039700000000001,0.0,23.0,8.0,,7.177125000000001
37108250,0xfff895258c21f1a58fc06538173d02b621021ad4,2017-08-27,8,2017,48.0,1440.0,16176.0,5.968999999999999,211.19100000000003,2560.9210000000144,0.0,48.0,1344.0,Summer,31,7.039700000000001,0.0,23.0,8.0,,7.177125000000001
37264154,0xfff895258c21f1a58fc06538173d02b621021ad4,2017-08-28,8,2017,48.0,1440.0,16176.0,6.905000000000001,211.19100000000003,2560.9210000000144,0.0,48.0,1344.0,Summer,31,7.039700000000001,1.0,23.0,8.0,6.685826086956522,
37420058,0xfff895258c21f1a58fc06538173d02b621021ad4,2017-08-29,8,2017,48.0,1440.0,16176.0,6.691000000000001,211.19100000000003,2560.9210000000144,0.0,48.0,1344.0,Summer,31,7.039700000000001,1.0,23.0,8.0,6.685826086956522,
37575962,0xfff895258c21f1a58fc06538173d02b621021ad4,2017-08-30,8,2017,48.0,1440.0,16176.0,7.573000000000002,211.19100000000003,2560.9210000000144,0.0,48.0,1344.0,Summer,31,7.039700000000001,1.0,23.0,8.0,6.685826086956522,
37731866,0xfff895258c21f1a58fc06538173d02b621021ad4,2017-08-31,8,2017,48.0,1440.0,16176.0,6.360999999999999,211.19100000000003,2560.9210000000144,0.0,48.0,1344.0,Summer,31,7.039700000000001,1.0,23.0,8.0,6.685826086956522,
37887770,0xfff895258c21f1a58fc06538173d02b621021ad4,2017-09-01,9,2017,48.0,1248.0,16176.0,8.351000000000003,205.61900000000023,2560.9210000000144,0.0,192.0,1344.0,Autumn,30,7.908423076923086,1.0,21.0,9.0,6.312333333333333,
38043674,0xfff895258c21f1a58fc06538173d02b621021ad4,2017-09-02,9,2017,48.0,1248.0,16176.0,7.607000000000003,205.61900000000023,2560.9210000000144,0.0,192.0,1344.0,Autumn,30,7.908423076923086,0.0,21.0,9.0,,8.11777777777778
38199578,0xfff895258c21f1a58fc06538173d02b621021ad4,2017-09-03,9,2017,48.0,1248.0,16176.0,6.597,205.61900000000023,2560.9210000000144,0.0,192.0,1344.0,Autumn,30,7.908423076923086,0.0,21.0,9.0,,8.11777777777778
38355482,0xfff895258c21f1a58fc06538173d02b621021ad4,2017-09-04,9,2017,48.0,1248.0,16176.0,7.917000000000001,205.61900000000023,2560.9210000000144,0.0,192.0,1344.0,Autumn,30,7.908423076923086,1.0,21.0,9.0,6.312333333333333,
38511386,0xfff895258c21f1a58fc06538173d02b621021ad4,2017-09-05,9,2017,48.0,1248.0,16176.0,8.143000000000002,205.61900000000023,2560.9210000000144,0.0,192.0,1344.0,Autumn,30,7.908423076923086,1.0,21.0,9.0,6.312333333333333,
38667290,0xfff895258c21f1a58fc06538173d02b621021ad4,2017-09-06,9,2017,48.0,1248.0,16176.0,7.184000000000001,205.61900000000023,2560.9210000000144,0.0,192.0,1344.0,Autumn,30,7.908423076923086,1.0,21.0,9.0,6.312333333333333,
38823194,0xfff895258c21f1a58fc06538173d02b621021ad4,2017-09-07,9,2017,48.0,1248.0,16176.0,7.796,205.61900000000023,2560.9210000000144,0.0,192.0,1344.0,Autumn,30,7.908423076923086,1.0,21.0,9.0,6.312333333333333,
38979098,0xfff895258c21f1a58fc06538173d02b621021ad4,2017-09-08,9,2017,48.0,1248.0,16176.0,7.2490000000000006,205.61900000000023,2560.9210000000144,0.0,192.0,1344.0,Autumn,30,7.908423076923086,1.0,21.0,9.0,6.312333333333333,
39135002,0xfff895258c21f1a58fc06538173d02b621021ad4,2017-09-09,9,2017,48.0,1248.0,16176.0,9.778000000000002,205.61900000000023,2560.9210000000144,0.0,192.0,1344.0,Autumn,30,7.908423076923086,0.0,21.0,9.0,,8.11777777777778
39290906,0xfff895258c21f1a58fc06538173d02b621021ad4,2017-09-10,9,2017,48.0,1248.0,16176.0,7.957000000000001,205.61900000000023,2560.9210000000144,0.0,192.0,1344.0,Autumn,30,7.908423076923086,0.0,21.0,9.0,,8.11777777777778
39446810,0xfff895258c21f1a58fc06538173d02b621021ad4,2017-09-11,9,2017,48.0,1248.0,16176.0,7.449999999999999,205.61900000000023,2560.9210000000144,0.0,192.0,1344.0,Autumn,30,7.908423076923086,1.0,21.0,9.0,6.312333333333333,
39602714,0xfff895258c21f1a58fc06538173d02b621021ad4,2017-09-12,9,2017,48.0,1248.0,16176.0,7.299000000000002,205.61900000000023,2560.9210000000144,0.0,192.0,1344.0,Autumn,30,7.908423076923086,1.0,21.0,9.0,6.312333333333333,
39758618,0xfff895258c21f1a58fc06538173d02b621021ad4,2017-09-13,9,2017,48.0,1248.0,16176.0,7.159999999999997,205.61900000000023,2560.9210000000144,0.0,192.0,1344.0,Autumn,30,7.908423076923086,1.0,21.0,9.0,6.312333333333333,
39914522,0xfff895258c21f1a58fc06538173d02b621021ad4,2017-09-14,9,2017,48.0,1248.0,16176.0,7.478000000000001,205.61900000000023,2560.9210000000144,0.0,192.0,1344.0,Autumn,30,7.908423076923086,1.0,21.0,9.0,6.312333333333333,
40070426,0xfff895258c21f1a58fc06538173d02b621021ad4,2017-09-15,9,2017,48.0,1248.0,16176.0,8.984000000000002,205.61900000000023,2560.9210000000144,0.0,192.0,1344.0,Autumn,30,7.908423076923086,1.0,21.0,9.0,6.312333333333333,
40226330,0xfff895258c21f1a58fc06538173d02b621021ad4,2017-09-16,9,2017,48.0,1248.0,16176.0,8.247,205.61900000000023,2560.9210000000144,0.0,192.0,1344.0,Autumn,30,7.908423076923086,0.0,21.0,9.0,,8.11777777777778
40382234,0xfff895258c21f1a58fc06538173d02b621021ad4,2017-09-17,9,2017,48.0,1248.0,16176.0,8.151000000000002,205.61900000000023,2560.9210000000144,0.0,192.0,1344.0,Autumn,30,7.908423076923086,0.0,21.0,9.0,,8.11777777777778
40538138,0xfff895258c21f1a58fc06538173d02b621021ad4,2017-09-18,9,2017,0.0,1248.0,16176.0,0.0,205.61900000000023,2560.9210000000144,48.0,192.0,1344.0,Autumn,30,7.908423076923086,1.0,21.0,9.0,6.312333333333333,
40694042,0xfff895258c21f1a58fc06538173d02b621021ad4,2017-09-19,9,2017,48.0,1248.0,16176.0,8.029999999999998,205.61900000000023,2560.9210000000144,0.0,192.0,1344.0,Autumn,30,7.908423076923086,1.0,21.0,9.0,6.312333333333333,
40849946,0xfff895258c21f1a58fc06538173d02b621021ad4,2017-09-20,9,2017,0.0,1248.0,16176.0,0.0,205.61900000000023,2560.9210000000144,48.0,192.0,1344.0,Autumn,30,7.908423076923086,1.0,21.0,9.0,6.312333333333333,
41005850,0xfff895258c21f1a58fc06538173d02b621021ad4,2017-09-21,9,2017,48.0,1248.0,16176.0,7.623000000000001,205.61900000000023,2560.9210000000144,0.0,192.0,1344.0,Autumn,30,7.908423076923086,1.0,21.0,9.0,6.312333333333333,
41161754,0xfff895258c21f1a58fc06538173d02b621021ad4,2017-09-22,9,2017,48.0,1248.0,16176.0,8.43,205.61900000000023,2560.9210000000144,0.0,192.0,1344.0,Autumn,30,7.908423076923086,1.0,21.0,9.0,6.312333333333333,
41317658,0xfff895258c21f1a58fc06538173d02b621021ad4,2017-09-23,9,2017,48.0,1248.0,16176.0,7.283,205.61900000000023,2560.9210000000144,0.0,192.0,1344.0,Autumn,30,7.908423076923086,0.0,21.0,9.0,,8.11777777777778
41473562,0xfff895258c21f1a58fc06538173d02b621021ad4,2017-09-24,9,2017,48.0,1248.0,16176.0,9.070000000000004,205.61900000000023,2560.9210000000144,0.0,192.0,1344.0,Autumn,30,7.908423076923086,0.0,21.0,9.0,,8.11777777777778
41629466,0xfff895258c21f1a58fc06538173d02b621021ad4,2017-09-25,9,2017,48.0,1248.0,16176.0,7.855,205.61900000000023,2560.9210000000144,0.0,192.0,1344.0,Autumn,30,7.908423076923086,1.0,21.0,9.0,6.312333333333333,
41785370,0xfff895258c21f1a58fc06538173d02b621021ad4,2017-09-26,9,2017,48.0,1248.0,16176.0,7.501000000000001,205.61900000000023,2560.9210000000144,0.0,192.0,1344.0,Autumn,30,7.908423076923086,1.0,21.0,9.0,6.312333333333333,
41941274,0xfff895258c21f1a58fc06538173d02b621021ad4,2017-09-27,9,2017,48.0,1248.0,16176.0,8.109,205.61900000000023,2560.9210000000144,0.0,192.0,1344.0,Autumn,30,7.908423076923086,1.0,21.0,9.0,6.312333333333333,
42097178,0xfff895258c21f1a58fc06538173d02b621021ad4,2017-09-28,9,2017,0.0,1248.0,16176.0,0.0,205.61900000000023,2560.9210000000144,48.0,192.0,1344.0,Autumn,30,7.908423076923086,1.0,21.0,9.0,6.312333333333333,
42253082,0xfff895258c21f1a58fc06538173d02b621021ad4,2017-09-29,9,2017,0.0,1248.0,16176.0,0.0,205.61900000000023,2560.9210000000144,48.0,192.0,1344.0,Autumn,30,7.908423076923086,1.0,21.0,9.0,6.312333333333333,
42408986,0xfff895258c21f1a58fc06538173d02b621021ad4,2017-09-30,9,2017,48.0,1248.0,16176.0,8.370000000000001,205.61900000000023,2560.9210000000144,0.0,192.0,1344.0,Autumn,30,7.908423076923086,0.0,21.0,9.0,,8.11777777777778
42564890,0xfff895258c21f1a58fc06538173d02b621021ad4,2017-10-01,10,2017,48.0,1200.0,16176.0,7.335,201.81400000000033,2560.9210000000144,0.0,288.0,1344.0,Autumn,31,8.072560000000014,0.0,22.0,9.0,,7.405444444444445
42720794,0xfff895258c21f1a58fc06538173d02b621021ad4,2017-10-02,10,2017,48.0,1200.0,16176.0,8.268,201.81400000000033,2560.9210000000144,0.0,288.0,1344.0,Autumn,31,8.072560000000014,1.0,22.0,9.0,6.143863636363637,
42876698,0xfff895258c21f1a58fc06538173d02b621021ad4,2017-10-03,10,2017,48.0,1200.0,16176.0,8.863000000000001,201.81400000000033,2560.9210000000144,0.0,288.0,1344.0,Autumn,31,8.072560000000014,1.0,22.0,9.0,6.143863636363637,
43032602,0xfff895258c21f1a58fc06538173d02b621021ad4,2017-10-04,10,2017,0.0,1200.0,16176.0,0.0,201.81400000000033,2560.9210000000144,48.0,288.0,1344.0,Autumn,31,8.072560000000014,1.0,22.0,9.0,6.143863636363637,
43188506,0xfff895258c21f1a58fc06538173d02b621021ad4,2017-10-05,10,2017,48.0,1200.0,16176.0,8.002,201.81400000000033,2560.9210000000144,0.0,288.0,1344.0,Autumn,31,8.072560000000014,1.0,22.0,9.0,6.143863636363637,
43344410,0xfff895258c21f1a58fc06538173d02b621021ad4,2017-10-06,10,2017,0.0,1200.0,16176.0,0.0,201.81400000000033,2560.9210000000144,48.0,288.0,1344.0,Autumn,31,8.072560000000014,1.0,22.0,9.0,6.143863636363637,
43500314,0xfff895258c21f1a58fc06538173d02b621021ad4,2017-10-07,10,2017,48.0,1200.0,16176.0,9.947000000000003,201.81400000000033,2560.9210000000144,0.0,288.0,1344.0,Autumn,31,8.072560000000014,0.0,22.0,9.0,,7.405444444444445
43656218,0xfff895258c21f1a58fc06538173d02b621021ad4,2017-10-08,10,2017,48.0,1200.0,16176.0,6.345,201.81400000000033,2560.9210000000144,0.0,288.0,1344.0,Autumn,31,8.072560000000014,0.0,22.0,9.0,,7.405444444444445
43812122,0xfff895258c21f1a58fc06538173d02b621021ad4,2017-10-09,10,2017,48.0,1200.0,16176.0,7.407000000000001,201.81400000000033,2560.9210000000144,0.0,288.0,1344.0,Autumn,31,8.072560000000014,1.0,22.0,9.0,6.143863636363637,
43968026,0xfff895258c21f1a58fc06538173d02b621021ad4,2017-10-10,10,2017,0.0,1200.0,16176.0,0.0,201.81400000000033,2560.9210000000144,48.0,288.0,1344.0,Autumn,31,8.072560000000014,1.0,22.0,9.0,6.143863636363637,
44123930,0xfff895258c21f1a58fc06538173d02b621021ad4,2017-10-11,10,2017,48.0,1200.0,16176.0,8.016000000000002,201.81400000000033,2560.9210000000144,0.0,288.0,1344.0,Autumn,31,8.072560000000014,1.0,22.0,9.0,6.143863636363637,
44279834,0xfff895258c21f1a58fc06538173d02b621021ad4,2017-10-12,10,2017,48.0,1200.0,16176.0,6.811999999999999,201.81400000000033,2560.9210000000144,0.0,288.0,1344.0,Autumn,31,8.072560000000014,1.0,22.0,9.0,6.143863636363637,
44435738,0xfff895258c21f1a58fc06538173d02b621021ad4,2017-10-13,10,2017,48.0,1200.0,16176.0,8.051999999999998,201.81400000000033,2560.9210000000144,0.0,288.0,1344.0,Autumn,31,8.072560000000014,1.0,22.0,9.0,6.143863636363637,
44591642,0xfff895258c21f1a58fc06538173d02b621021ad4,2017-10-14,10,2017,48.0,1200.0,16176.0,9.418000000000005,201.81400000000033,2560.9210000000144,0.0,288.0,1344.0,Autumn,31,8.072560000000014,0.0,22.0,9.0,,7.405444444444445
44747546,0xfff895258c21f1a58fc06538173d02b621021ad4,2017-10-15,10,2017,48.0,1200.0,16176.0,8.927000000000003,201.81400000000033,2560.9210000000144,0.0,288.0,1344.0,Autumn,31,8.072560000000014,0.0,22.0,9.0,,7.405444444444445
44903450,0xfff895258c21f1a58fc06538173d02b621021ad4,2017-10-16,10,2017,48.0,1200.0,16176.0,7.6000000000000005,201.81400000000033,2560.9210000000144,0.0,288.0,1344.0,Autumn,31,8.072560000000014,1.0,22.0,9.0,6.143863636363637,
45059354,0xfff895258c21f1a58fc06538173d02b621021ad4,2017-10-17,10,2017,48.0,1200.0,16176.0,8.585000000000003,201.81400000000033,2560.9210000000144,0.0,288.0,1344.0,Autumn,31,8.072560000000014,1.0,22.0,9.0,6.143863636363637,
45215258,0xfff895258c21f1a58fc06538173d02b621021ad4,2017-10-18,10,2017,48.0,1200.0,16176.0,7.976999999999999,201.81400000000033,2560.9210000000144,0.0,288.0,1344.0,Autumn,31,8.072560000000014,1.0,22.0,9.0,6.143863636363637,
45371162,0xfff895258c21f1a58fc06538173d02b621021ad4,2017-10-19,10,2017,48.0,1200.0,16176.0,8.753999999999998,201.81400000000033,2560.9210000000144,0.0,288.0,1344.0,Autumn,31,8.072560000000014,1.0,22.0,9.0,6.143863636363637,
45527066,0xfff895258c21f1a58fc06538173d02b621021ad4,2017-10-20,10,2017,0.0,1200.0,16176.0,0.0,201.81400000000033,2560.9210000000144,48.0,288.0,1344.0,Autumn,31,8.072560000000014,1.0,22.0,9.0,6.143863636363637,
45682970,0xfff895258c21f1a58fc06538173d02b621021ad4,2017-10-21,10,2017,0.0,1200.0,16176.0,0.0,201.81400000000033,2560.9210000000144,48.0,288.0,1344.0,Autumn,31,8.072560000000014,0.0,22.0,9.0,,7.405444444444445
45838874,0xfff895258c21f1a58fc06538173d02b621021ad4,2017-10-22,10,2017,48.0,1200.0,16176.0,7.787999999999999,201.81400000000033,2560.9210000000144,0.0,288.0,1344.0,Autumn,31,8.072560000000014,0.0,22.0,9.0,,7.405444444444445
45994778,0xfff895258c21f1a58fc06538173d02b621021ad4,2017-10-23,10,2017,48.0,1200.0,16176.0,6.992,201.81400000000033,2560.9210000000144,0.0,288.0,1344.0,Autumn,31,8.072560000000014,1.0,22.0,9.0,6.143863636363637,
46150682,0xfff895258c21f1a58fc06538173d02b621021ad4,2017-10-24,10,2017,48.0,1200.0,16176.0,7.371000000000001,201.81400000000033,2560.9210000000144,0.0,288.0,1344.0,Autumn,31,8.072560000000014,1.0,22.0,9.0,6.143863636363637,
46306586,0xfff895258c21f1a58fc06538173d02b621021ad4,2017-10-25,10,2017,48.0,1200.0,16176.0,8.165,201.81400000000033,2560.9210000000144,0.0,288.0,1344.0,Autumn,31,8.072560000000014,1.0,22.0,9.0,6.143863636363637,
46462490,0xfff895258c21f1a58fc06538173d02b621021ad4,2017-10-26,10,2017,48.0,1200.0,16176.0,6.8260000000000005,201.81400000000033,2560.9210000000144,0.0,288.0,1344.0,Autumn,31,8.072560000000014,1.0,22.0,9.0,6.143863636363637,
46618394,0xfff895258c21f1a58fc06538173d02b621021ad4,2017-10-27,10,2017,48.0,1200.0,16176.0,9.806000000000004,201.81400000000033,2560.9210000000144,0.0,288.0,1344.0,Autumn,31,8.072560000000014,1.0,22.0,9.0,6.143863636363637,
46774298,0xfff895258c21f1a58fc06538173d02b621021ad4,2017-10-28,10,2017,48.0,1200.0,16176.0,8.776,201.81400000000033,2560.9210000000144,0.0,288.0,1344.0,Autumn,31,8.072560000000014,0.0,22.0,9.0,,7.405444444444445
46930202,0xfff895258c21f1a58fc06538173d02b621021ad4,2017-10-29,10,2017,48.0,1200.0,16176.0,8.113,201.81400000000033,2560.9210000000144,0.0,288.0,1344.0,Autumn,31,8.072560000000014,0.0,22.0,9.0,,7.405444444444445
47086106,0xfff895258c21f1a58fc06538173d02b621021ad4,2017-10-30,10,2017,48.0,1200.0,16176.0,7.669,201.81400000000033,2560.9210000000144,0.0,288.0,1344.0,Autumn,31,8.072560000000014,1.0,22.0,9.0,6.143863636363637,
47242010,0xfff895258c21f1a58fc06538173d02b621021ad4,2017-10-31,10,2017,0.0,1200.0,16176.0,0.0,201.81400000000033,2560.9210000000144,48.0,288.0,1344.0,Autumn,31,8.072560000000014,1.0,22.0,9.0,6.143863636363637,
47397914,0xfff895258c21f1a58fc06538173d02b621021ad4,2017-11-01,11,2017,0.0,1392.0,16176.0,0.0,246.5999999999999,2560.9210000000144,48.0,48.0,1344.0,Autumn,30,8.503448275862066,1.0,22.0,8.0,8.172454545454547,
47553818,0xfff895258c21f1a58fc06538173d02b621021ad4,2017-11-02,11,2017,48.0,1392.0,16176.0,7.721,246.5999999999999,2560.9210000000144,0.0,48.0,1344.0,Autumn,30,8.503448275862066,1.0,22.0,8.0,8.172454545454547,
47709722,0xfff895258c21f1a58fc06538173d02b621021ad4,2017-11-03,11,2017,48.0,1392.0,16176.0,9.749999999999998,246.5999999999999,2560.9210000000144,0.0,48.0,1344.0,Autumn,30,8.503448275862066,1.0,22.0,8.0,8.172454545454547,
47865626,0xfff895258c21f1a58fc06538173d02b621021ad4,2017-11-04,11,2017,48.0,1392.0,16176.0,9.940000000000001,246.5999999999999,2560.9210000000144,0.0,48.0,1344.0,Autumn,30,8.503448275862066,0.0,22.0,8.0,,8.350750000000001
48021530,0xfff895258c21f1a58fc06538173d02b621021ad4,2017-11-05,11,2017,48.0,1392.0,16176.0,7.942000000000002,246.5999999999999,2560.9210000000144,0.0,48.0,1344.0,Autumn,30,8.503448275862066,0.0,22.0,8.0,,8.350750000000001
48177434,0xfff895258c21f1a58fc06538173d02b621021ad4,2017-11-06,11,2017,48.0,1392.0,16176.0,10.721000000000004,246.5999999999999,2560.9210000000144,0.0,48.0,1344.0,Autumn,30,8.503448275862066,1.0,22.0,8.0,8.172454545454547,
48333338,0xfff895258c21f1a58fc06538173d02b621021ad4,2017-11-07,11,2017,48.0,1392.0,16176.0,7.841,246.5999999999999,2560.9210000000144,0.0,48.0,1344.0,Autumn,30,8.503448275862066,1.0,22.0,8.0,8.172454545454547,
48489242,0xfff895258c21f1a58fc06538173d02b621021ad4,2017-11-08,11,2017,48.0,1392.0,16176.0,8.565999999999997,246.5999999999999,2560.9210000000144,0.0,48.0,1344.0,Autumn,30,8.503448275862066,1.0,22.0,8.0,8.172454545454547,
48645146,0xfff895258c21f1a58fc06538173d02b621021ad4,2017-11-09,11,2017,48.0,1392.0,16176.0,8.527,246.5999999999999,2560.9210000000144,0.0,48.0,1344.0,Autumn,30,8.503448275862066,1.0,22.0,8.0,8.172454545454547,
48801050,0xfff895258c21f1a58fc06538173d02b621021ad4,2017-11-10,11,2017,48.0,1392.0,16176.0,9.246000000000004,246.5999999999999,2560.9210000000144,0.0,48.0,1344.0,Autumn,30,8.503448275862066,1.0,22.0,8.0,8.172454545454547,
48956954,0xfff895258c21f1a58fc06538173d02b621021ad4,2017-11-11,11,2017,48.0,1392.0,16176.0,9.347999999999999,246.5999999999999,2560.9210000000144,0.0,48.0,1344.0,Autumn,30,8.503448275862066,0.0,22.0,8.0,,8.350750000000001
49112858,0xfff895258c21f1a58fc06538173d02b621021ad4,2017-11-12,11,2017,48.0,1392.0,16176.0,9.001,246.5999999999999,2560.9210000000144,0.0,48.0,1344.0,Autumn,30,8.503448275862066,0.0,22.0,8.0,,8.350750000000001
49268762,0xfff895258c21f1a58fc06538173d02b621021ad4,2017-11-13,11,2017,48.0,1392.0,16176.0,7.647,246.5999999999999,2560.9210000000144,0.0,48.0,1344.0,Autumn,30,8.503448275862066,1.0,22.0,8.0,8.172454545454547,
49424666,0xfff895258c21f1a58fc06538173d02b621021ad4,2017-11-14,11,2017,48.0,1392.0,16176.0,7.968,246.5999999999999,2560.9210000000144,0.0,48.0,1344.0,Autumn,30,8.503448275862066,1.0,22.0,8.0,8.172454545454547,
49580570,0xfff895258c21f1a58fc06538173d02b621021ad4,2017-11-15,11,2017,48.0,1392.0,16176.0,8.742,246.5999999999999,2560.9210000000144,0.0,48.0,1344.0,Autumn,30,8.503448275862066,1.0,22.0,8.0,8.172454545454547,
49736474,0xfff895258c21f1a58fc06538173d02b621021ad4,2017-11-16,11,2017,48.0,1392.0,16176.0,8.729,246.5999999999999,2560.9210000000144,0.0,48.0,1344.0,Autumn,30,8.503448275862066,1.0,22.0,8.0,8.172454545454547,
49892378,0xfff895258c21f1a58fc06538173d02b621021ad4,2017-11-17,11,2017,48.0,1392.0,16176.0,7.766000000000004,246.5999999999999,2560.9210000000144,0.0,48.0,1344.0,Autumn,30,8.503448275862066,1.0,22.0,8.0,8.172454545454547,
50048282,0xfff895258c21f1a58fc06538173d02b621021ad4,2017-11-18,11,2017,48.0,1392.0,16176.0,8.197000000000001,246.5999999999999,2560.9210000000144,0.0,48.0,1344.0,Autumn,30,8.503448275862066,0.0,22.0,8.0,,8.350750000000001
50204186,0xfff895258c21f1a58fc06538173d02b621021ad4,2017-11-19,11,2017,48.0,1392.0,16176.0,5.9220000000000015,246.5999999999999,2560.9210000000144,0.0,48.0,1344.0,Autumn,30,8.503448275862066,0.0,22.0,8.0,,8.350750000000001
50360090,0xfff895258c21f1a58fc06538173d02b621021ad4,2017-11-20,11,2017,48.0,1392.0,16176.0,8.152000000000001,246.5999999999999,2560.9210000000144,0.0,48.0,1344.0,Autumn,30,8.503448275862066,1.0,22.0,8.0,8.172454545454547,
50515994,0xfff895258c21f1a58fc06538173d02b621021ad4,2017-11-21,11,2017,48.0,1392.0,16176.0,8.630999999999998,246.5999999999999,2560.9210000000144,0.0,48.0,1344.0,Autumn,30,8.503448275862066,1.0,22.0,8.0,8.172454545454547,
50671898,0xfff895258c21f1a58fc06538173d02b621021ad4,2017-11-22,11,2017,48.0,1392.0,16176.0,7.884999999999999,246.5999999999999,2560.9210000000144,0.0,48.0,1344.0,Autumn,30,8.503448275862066,1.0,22.0,8.0,8.172454545454547,
50827802,0xfff895258c21f1a58fc06538173d02b621021ad4,2017-11-23,11,2017,48.0,1392.0,16176.0,7.859999999999999,246.5999999999999,2560.9210000000144,0.0,48.0,1344.0,Autumn,30,8.503448275862066,1.0,22.0,8.0,8.172454545454547,
50983706,0xfff895258c21f1a58fc06538173d02b621021ad4,2017-11-24,11,2017,48.0,1392.0,16176.0,8.293000000000003,246.5999999999999,2560.9210000000144,0.0,48.0,1344.0,Autumn,30,8.503448275862066,1.0,22.0,8.0,8.172454545454547,
51139610,0xfff895258c21f1a58fc06538173d02b621021ad4,2017-11-25,11,2017,48.0,1392.0,16176.0,7.755,246.5999999999999,2560.9210000000144,0.0,48.0,1344.0,Autumn,30,8.503448275862066,0.0,22.0,8.0,,8.350750000000001
51295514,0xfff895258c21f1a58fc06538173d02b621021ad4,2017-11-26,11,2017,48.0,1392.0,16176.0,8.701,246.5999999999999,2560.9210000000144,0.0,48.0,1344.0,Autumn,30,8.503448275862066,0.0,22.0,8.0,,8.350750000000001
51451418,0xfff895258c21f1a58fc06538173d02b621021ad4,2017-11-27,11,2017,48.0,1392.0,16176.0,7.4430000000000005,246.5999999999999,2560.9210000000144,0.0,48.0,1344.0,Autumn,30,8.503448275862066,1.0,22.0,8.0,8.172454545454547,
51607322,0xfff895258c21f1a58fc06538173d02b621021ad4,2017-11-28,11,2017,48.0,1392.0,16176.0,8.621,246.5999999999999,2560.9210000000144,0.0,48.0,1344.0,Autumn,30,8.503448275862066,1.0,22.0,8.0,8.172454545454547,
51763226,0xfff895258c21f1a58fc06538173d02b621021ad4,2017-11-29,11,2017,48.0,1392.0,16176.0,10.344000000000003,246.5999999999999,2560.9210000000144,0.0,48.0,1344.0,Autumn,30,8.503448275862066,1.0,22.0,8.0,8.172454545454547,
51919130,0xfff895258c21f1a58fc06538173d02b621021ad4,2017-11-30,11,2017,48.0,1392.0,16176.0,9.341000000000001,246.5999999999999,2560.9210000000144,0.0,48.0,1344.0,Autumn,30,8.503448275862066,1.0,22.0,8.0,8.172454545454547,
52075034,0xfff895258c21f1a58fc06538173d02b621021ad4,2017-12-01,12,2017,0.0,1104.0,16176.0,0.0,183.0190000000002,2560.9210000000144,48.0,384.0,1344.0,Winter,31,7.957347826086965,1.0,21.0,10.0,6.281571428571428,
52230938,0xfff895258c21f1a58fc06538173d02b621021ad4,2017-12-02,12,2017,0.0,1104.0,16176.0,0.0,183.0190000000002,2560.9210000000144,48.0,384.0,1344.0,Winter,31,7.957347826086965,0.0,21.0,10.0,,5.1106
52386842,0xfff895258c21f1a58fc06538173d02b621021ad4,2017-12-03,12,2017,48.0,1104.0,16176.0,6.344000000000001,183.0190000000002,2560.9210000000144,0.0,384.0,1344.0,Winter,31,7.957347826086965,0.0,21.0,10.0,,5.1106
52542746,0xfff895258c21f1a58fc06538173d02b621021ad4,2017-12-04,12,2017,48.0,1104.0,16176.0,7.747000000000001,183.0190000000002,2560.9210000000144,0.0,384.0,1344.0,Winter,31,7.957347826086965,1.0,21.0,10.0,6.281571428571428,
52698650,0xfff895258c21f1a58fc06538173d02b621021ad4,2017-12-05,12,2017,0.0,1104.0,16176.0,0.0,183.0190000000002,2560.9210000000144,48.0,384.0,1344.0,Winter,31,7.957347826086965,1.0,21.0,10.0,6.281571428571428,
52854554,0xfff895258c21f1a58fc06538173d02b621021ad4,2017-12-06,12,2017,48.0,1104.0,16176.0,8.512000000000002,183.0190000000002,2560.9210000000144,0.0,384.0,1344.0,Winter,31,7.957347826086965,1.0,21.0,10.0,6.281571428571428,
53010458,0xfff895258c21f1a58fc06538173d02b621021ad4,2017-12-07,12,2017,48.0,1104.0,16176.0,8.837000000000002,183.0190000000002,2560.9210000000144,0.0,384.0,1344.0,Winter,31,7.957347826086965,1.0,21.0,10.0,6.281571428571428,
53166362,0xfff895258c21f1a58fc06538173d02b621021ad4,2017-12-08,12,2017,48.0,1104.0,16176.0,8.184000000000001,183.0190000000002,2560.9210000000144,0.0,384.0,1344.0,Winter,31,7.957347826086965,1.0,21.0,10.0,6.281571428571428,
53322266,0xfff895258c21f1a58fc06538173d02b621021ad4,2017-12-09,12,2017,0.0,1104.0,16176.0,0.0,183.0190000000002,2560.9210000000144,48.0,384.0,1344.0,Winter,31,7.957347826086965,0.0,21.0,10.0,,5.1106
53478170,0xfff895258c21f1a58fc06538173d02b621021ad4,2017-12-10,12,2017,48.0,1104.0,16176.0,10.413,183.0190000000002,2560.9210000000144,0.0,384.0,1344.0,Winter,31,7.957347826086965,0.0,21.0,10.0,,5.1106
53634074,0xfff895258c21f1a58fc06538173d02b621021ad4,2017-12-11,12,2017,48.0,1104.0,16176.0,9.191000000000003,183.0190000000002,2560.9210000000144,0.0,384.0,1344.0,Winter,31,7.957347826086965,1.0,21.0,10.0,6.281571428571428,
53789978,0xfff895258c21f1a58fc06538173d02b621021ad4,2017-12-12,12,2017,0.0,1104.0,16176.0,0.0,183.0190000000002,2560.9210000000144,48.0,384.0,1344.0,Winter,31,7.957347826086965,1.0,21.0,10.0,6.281571428571428,
53945882,0xfff895258c21f1a58fc06538173d02b621021ad4,2017-12-13,12,2017,48.0,1104.0,16176.0,8.239999999999998,183.0190000000002,2560.9210000000144,0.0,384.0,1344.0,Winter,31,7.957347826086965,1.0,21.0,10.0,6.281571428571428,
54101786,0xfff895258c21f1a58fc06538173d02b621021ad4,2017-12-14,12,2017,48.0,1104.0,16176.0,9.763000000000002,183.0190000000002,2560.9210000000144,0.0,384.0,1344.0,Winter,31,7.957347826086965,1.0,21.0,10.0,6.281571428571428,
54257690,0xfff895258c21f1a58fc06538173d02b621021ad4,2017-12-15,12,2017,48.0,1104.0,16176.0,9.391,183.0190000000002,2560.9210000000144,0.0,384.0,1344.0,Winter,31,7.957347826086965,1.0,21.0,10.0,6.281571428571428,
54413594,0xfff895258c21f1a58fc06538173d02b621021ad4,2017-12-16,12,2017,48.0,1104.0,16176.0,6.314,183.0190000000002,2560.9210000000144,0.0,384.0,1344.0,Winter,31,7.957347826086965,0.0,21.0,10.0,,5.1106
54569498,0xfff895258c21f1a58fc06538173d02b621021ad4,2017-12-17,12,2017,48.0,1104.0,16176.0,6.325000000000001,183.0190000000002,2560.9210000000144,0.0,384.0,1344.0,Winter,31,7.957347826086965,0.0,21.0,10.0,,5.1106
54725402,0xfff895258c21f1a58fc06538173d02b621021ad4,2017-12-18,12,2017,48.0,1104.0,16176.0,7.78,183.0190000000002,2560.9210000000144,0.0,384.0,1344.0,Winter,31,7.957347826086965,1.0,21.0,10.0,6.281571428571428,
54881306,0xfff895258c21f1a58fc06538173d02b621021ad4,2017-12-19,12,2017,48.0,1104.0,16176.0,6.671999999999998,183.0190000000002,2560.9210000000144,0.0,384.0,1344.0,Winter,31,7.957347826086965,1.0,21.0,10.0,6.281571428571428,
55037210,0xfff895258c21f1a58fc06538173d02b621021ad4,2017-12-20,12,2017,48.0,1104.0,16176.0,8.121,183.0190000000002,2560.9210000000144,0.0,384.0,1344.0,Winter,31,7.957347826086965,1.0,21.0,10.0,6.281571428571428,
55193114,0xfff895258c21f1a58fc06538173d02b621021ad4,2017-12-21,12,2017,48.0,1104.0,16176.0,7.962999999999999,183.0190000000002,2560.9210000000144,0.0,384.0,1344.0,Winter,31,7.957347826086965,1.0,21.0,10.0,6.281571428571428,
55349018,0xfff895258c21f1a58fc06538173d02b621021ad4,2017-12-22,12,2017,48.0,1104.0,16176.0,7.132999999999999,183.0190000000002,2560.9210000000144,0.0,384.0,1344.0,Winter,31,7.957347826086965,1.0,21.0,10.0,6.281571428571428,
55504922,0xfff895258c21f1a58fc06538173d02b621021ad4,2017-12-23,12,2017,48.0,1104.0,16176.0,7.266000000000001,183.0190000000002,2560.9210000000144,0.0,384.0,1344.0,Winter,31,7.957347826086965,0.0,21.0,10.0,,5.1106
55660826,0xfff895258c21f1a58fc06538173d02b621021ad4,2017-12-24,12,2017,0.0,1104.0,16176.0,0.0,183.0190000000002,2560.9210000000144,48.0,384.0,1344.0,Winter,31,7.957347826086965,0.0,21.0,10.0,,5.1106
55816730,0xfff895258c21f1a58fc06538173d02b621021ad4,2017-12-25,12,2017,48.0,1104.0,16176.0,6.935999999999997,183.0190000000002,2560.9210000000144,0.0,384.0,1344.0,Winter,31,7.957347826086965,1.0,21.0,10.0,6.281571428571428,
55972634,0xfff895258c21f1a58fc06538173d02b621021ad4,2017-12-26,12,2017,48.0,1104.0,16176.0,7.498,183.0190000000002,2560.9210000000144,0.0,384.0,1344.0,Winter,31,7.957347826086965,1.0,21.0,10.0,6.281571428571428,
56128538,0xfff895258c21f1a58fc06538173d02b621021ad4,2017-12-27,12,2017,0.0,1104.0,16176.0,0.0,183.0190000000002,2560.9210000000144,48.0,384.0,1344.0,Winter,31,7.957347826086965,1.0,21.0,10.0,6.281571428571428,
56284442,0xfff895258c21f1a58fc06538173d02b621021ad4,2017-12-28,12,2017,48.0,1104.0,16176.0,9.945000000000002,183.0190000000002,2560.9210000000144,0.0,384.0,1344.0,Winter,31,7.957347826086965,1.0,21.0,10.0,6.281571428571428,
56440346,0xfff895258c21f1a58fc06538173d02b621021ad4,2017-12-29,12,2017,0.0,1104.0,16176.0,0.0,183.0190000000002,2560.9210000000144,48.0,384.0,1344.0,Winter,31,7.957347826086965,1.0,21.0,10.0,6.281571428571428,
56596250,0xfff895258c21f1a58fc06538173d02b621021ad4,2017-12-30,12,2017,48.0,1104.0,16176.0,6.984000000000001,183.0190000000002,2560.9210000000144,0.0,384.0,1344.0,Winter,31,7.957347826086965,0.0,21.0,10.0,,5.1106
56752154,0xfff895258c21f1a58fc06538173d02b621021ad4,2017-12-31,12,2017,48.0,1104.0,16176.0,7.459999999999999,183.0190000000002,2560.9210000000144,0.0,384.0,1344.0,Winter,31,7.957347826086965,0.0,21.0,10.0,,5.1106
